Fz,Cz,Pz,Oz,F3,F4,C3,C4
2.821694149173641364e-01,3.562903178163362439e-01,-1.478579306686678141e-01,-1.567237294293069572e-01,1.676313104213275340e-01,1.384050335957118238e-01,4.842738283124689569e-01,-3.216155317121034418e-01
3.598315458937588751e+00,4.112202877711538029e+00,3.552014597293608134e+00,3.781445562734806032e+00,4.382168154237633395e+00,3.829430099433004386e+00,4.290258686477753436e+00,4.493782222567414664e+00
4.962736619926829462e+00,4.961662930845402997e+00,5.002352642373266711e+00,5.091853138686380120e+00,5.223349504881391603e+00,5.165338189824034920e+00,5.453278370057306645e+00,5.068030985107574438e+00
5.452604167204499142e+00,5.249070257283693586e+00,4.847418499520693480e+00,4.428636892270652048e+00,5.673753865521392825e+00,4.936753847831122144e+00,4.493829242866972606e+00,5.199554674924005582e+00
7.236821516516973141e+00,6.841355544284618340e+00,6.607391897268476200e+00,6.353094776826966772e+00,7.216255814702111415e+00,6.019991893099949642e+00,7.200836500839893795e+00,7.679445211230837565e+00
9.526451148233508803e+00,9.221779259785073180e+00,9.726949060420055915e+00,8.882041461066071619e+00,9.503787610401014163e+00,8.970155726237141636e+00,1.008135731102639632e+01,9.292870025491415831e+00
8.441505048273292289e+00,8.735892750289707465e+00,8.447851613494341549e+00,8.365718061733566913e+00,9.209616851781344593e+00,8.685702278571318047e+00,9.072900191128146830e+00,8.520981500260564445e+00
6.175684474231709409e+00,5.546563661237870591e+00,5.703951570206086785e+00,5.764695904533520654e+00,6.383891142881990000e+00,5.171275734778105537e+00,5.391530303812450242e+00,5.424254761064227992e+00
5.244706725770858391e+00,5.098313891326632152e+00,4.623798714882161320e+00,4.392787021256905788e+00,4.966392484183232980e+00,4.897513690008008069e+00,4.995867691557780432e+00,5.005549919738305320e+00
6.063039787061090813e+00,6.099003851655308672e+00,5.737610768422364060e+00,5.969962733688856993e+00,5.956392813695737587e+00,6.422837540466397321e+00,5.782120906166302809e+00,5.966537918729692969e+00
5.874505563963125176e+00,5.063029422020324688e+00,5.623773508802965004e+00,4.957428259536634130e+00,5.421025054160821810e+00,5.211753571957143727e+00,6.138762120848938686e+00,5.353388754270094196e+00
3.157911872315025459e+00,3.037769686222043575e+00,2.865375524472131286e+00,3.176374641888131567e+00,3.242748079958414742e+00,2.867938230726283511e+00,3.138711069239591200e+00,2.705410234174873807e+00
1.710709590826203552e+00,1.787961271477455316e+00,2.049170440399588067e+00,1.151621236789976965e+00,1.588448405253827911e+00,1.332331329195771019e+00,1.720771449387551444e+00,1.456457801041878497e+00
3.596380637184160456e+00,2.997560372431817832e+00,3.414772074532292478e+00,3.305190441869912732e+00,3.423271999874586857e+00,3.617939556800972234e+00,3.402595524007399952e+00,2.744518703975466156e+00
3.828034862246528114e+00,3.255669057853531889e+00,4.067343979852105385e+00,3.256246432579254613e+00,4.085963505670358487e+00,3.636963058895783529e+00,3.168961443027628722e+00,3.250300916532636641e+00
2.097429157786422138e+00,8.736301992316957143e-01,1.530444517453222408e+00,1.742693920181381584e+00,1.483372125840294986e+00,1.337761212384799503e+00,1.292654464602646769e+00,1.577612218916910169e+00
-5.488165182953991250e-01,-1.409207876153552919e+00,-9.489289208569838818e-01,-1.011686208587836866e+00,-6.039259986324911900e-01,-6.329602507978751014e-01,-7.591387847284032375e-01,-9.534671127026166371e-01
-5.980638365180981353e-01,-1.038783879973153246e+00,-3.909981244206620077e-01,-1.383794906244387946e+00,-1.030440209060555778e+00,-7.772295667016948517e-01,-5.106246787020081168e-01,-1.386839401760428414e+00
-7.251497391828053418e-01,-1.350289441802947188e+00,-2.331967015464285753e-01,-1.027318141622920455e+00,-9.781925430943998467e-01,-1.085019448823064003e+00,-1.278725362804551846e+00,-1.111425234584507482e+00
-2.817683575965283183e+00,-3.435459730002497380e+00,-3.273598560593256934e+00,-3.072030508035361596e+00,-3.842511493208472295e+00,-3.510722675150914629e+00,-3.406146589534613245e+00,-3.820207210300086587e+00
-6.457698936880268192e+00,-6.985733631771524621e+00,-6.116806920721077567e+00,-5.984475940454655252e+00,-6.422249534435493068e+00,-6.217606754393361967e+00,-6.140046713990501281e+00,-7.214223000424360599e+00
-6.796542155292907950e+00,-6.757022390257986011e+00,-6.358720560275434863e+00,-6.377492114692449476e+00,-7.150381502243837062e+00,-6.655940955188867747e+00,-7.066892327692331222e+00,-6.973050835291605409e+00
-5.099397703332339660e+00,-4.843143861907353021e+00,-5.379479175773138167e+00,-4.530645510291375189e+00,-5.068557542012799288e+00,-5.324326269273030654e+00,-4.840385627697918025e+00,-5.347241107298358109e+00
-4.677453596308563277e+00,-3.882720153515524686e+00,-4.901838285221336022e+00,-4.101228609116780000e+00,-4.961684146369215398e+00,-4.506134756049783974e+00,-4.712084278595799702e+00,-5.202473125406075205e+00
-5.609583014631277287e+00,-5.853065014563391344e+00,-5.454239035430719085e+00,-5.190749056389242000e+00,-6.061191600074486097e+00,-5.836276941372170235e+00,-5.106589359499454694e+00,-6.079132959833065897e+00
-4.065737209325272161e+00,-3.446109074088865576e+00,-4.008428918784985306e+00,-4.168150799299053411e+00,-4.322880376159438320e+00,-3.445231121685904174e+00,-4.188235088325857447e+00,-4.404899317694218830e+00
-2.121151008190854392e-01,9.043920494492763140e-03,-7.046660225747630735e-01,-2.843676733954599856e-01,1.964348690509556961e-01,-1.186839881431163424e-01,-3.597230652595761469e-01,-3.119668876840163418e-02
2.563176204903544697e+00,2.354790363492595962e+00,1.871195066050996614e+00,2.190617807277718043e+00,2.175626100532777052e+00,1.736469121809340876e+00,2.177551411637728584e+00,2.473195502347693697e+00
1.306028802242596987e+00,1.799675876019348753e+00,1.566721724281031403e+00,1.930490947415975933e+00,1.388846658100963305e+00,1.257845643295628646e+00,1.014626540669927302e+00,1.879889339124610093e+00
1.243880924063806903e+00,1.924060854813064658e+00,1.406074623916858890e+00,2.020524219809444855e+00,1.818261119341707088e+00,8.744491567351430072e-01,1.324902444061596407e+00,2.416608420184265693e+00
3.053429516302724078e+00,3.733561943618828316e+00,3.005742015081044993e+00,3.737246318347478002e+00,3.641644593331315072e+00,3.071821855734921947e+00,3.189663312424038111e+00,4.178708618566734145e+00
4.240327170543991997e+00,5.084524607010010300e+00,3.633062856210945935e+00,4.470604039967635224e+00,5.527369321864689766e+00,4.570488601830725806e+00,4.098336689854926718e+00,5.171309568172858917e+00
2.003614079012365767e+00,2.233429882619148099e+00,1.194837595388565488e+00,2.370254724149736703e+00,2.217290958179650495e+00,2.673264906844122102e+00,2.068493557273054506e+00,2.559216853998878438e+00
-9.850255322687473392e-01,1.845347013990984997e-01,-1.073093446837908305e+00,-5.246771014773337072e-01,-5.888602520331368551e-01,-2.722326278964308788e-01,-5.767613939198524831e-01,-2.650953430366528307e-01
-1.104165642323217345e+00,-2.053871610314795537e-01,-1.022462308308206058e+00,-1.678608972284710843e-01,3.332467875670336310e-02,-3.335580235797703796e-01,-8.303258819221512876e-01,4.618805675323751914e-02
-2.452054597440400663e-01,8.055649193025207211e-01,7.483075344190154299e-03,5.207301249283916578e-01,-1.354638253970547046e-01,4.453839065753847914e-01,2.971811443808934361e-01,4.031956350412384538e-01
-1.189377712330284664e+00,-9.722094633296096688e-01,-1.474769721543240486e+00,-1.038602319780208783e+00,-1.013155021659978505e+00,-1.140815532654555486e+00,-7.110854780091633298e-01,-5.490207533849088550e-01
-3.221672443381669471e+00,-2.724287664323991720e+00,-3.269825777328749350e+00,-2.745077551262862681e+00,-2.597306905145164269e+00,-2.402086067682865256e+00,-3.527669525306593723e+00,-3.175783029340253805e+00
-2.681454295289072753e+00,-2.021426654088670727e+00,-2.825163252947021864e+00,-2.364818813098904737e+00,-2.739545378653140517e+00,-2.627658773269262227e+00,-2.716681010583649414e+00,-2.155958632030830380e+00
-8.257634507281407243e-01,-4.724371610333983895e-01,-3.376888895767585219e-01,-1.934372608202910571e-01,-1.121661666392449241e+00,1.136816917103919966e-01,-6.896573456681411862e-01,-4.610218629980293858e-01
-4.969667520036722408e-01,-6.507340927009388487e-01,-1.917900301461110124e-01,-3.598202851378807798e-01,-7.723516491938355877e-01,-1.975095367113355316e-01,-6.722387791384217826e-01,-1.327874546748398776e-01
-2.603033667696156517e+00,-3.163486193924269774e+00,-2.709095538723501395e+00,-2.660368564955085446e+00,-2.387136671499017204e+00,-3.322078915549616429e+00,-3.272378040821309231e+00,-3.012108262283500704e+00
-3.218052725316043361e+00,-3.656941400702752087e+00,-3.605550601590284732e+00,-3.285532737246133816e+00,-3.434930558615272300e+00,-3.700302911391667227e+00,-3.032464072331238825e+00,-3.672488380621815374e+00
-1.678623198814076289e+00,-2.778417835708967942e+00,-1.215749573219295332e+00,-2.128621619563252132e+00,-2.510579487718428204e+00,-2.352419083461585014e+00,-2.338050426493571976e+00,-2.149917133811002579e+00
-1.932105514368466004e+00,-2.639654088840575064e+00,-1.633124539546432885e+00,-2.005601175174423823e+00,-2.553735573644404955e+00,-2.181348618609455059e+00,-1.823115099567609310e+00,-2.095545292293223394e+00
-4.271813495837816888e+00,-4.747524229440374555e+00,-4.689096547400561477e+00,-4.753451186694203301e+00,-4.999858504168405382e+00,-4.573561574476645575e+00,-4.743605552262558867e+00,-4.525562634968959053e+00
-5.824614992243470013e+00,-5.752750891839714775e+00,-5.765351590996831810e+00,-5.733359156332115347e+00,-6.081907845937172041e+00,-4.952092300474669528e+00,-6.062619368383042939e+00,-6.459531477091467799e+00
-3.942507048989028373e+00,-3.465782467672943401e+00,-3.531161413535937488e+00,-3.808882015103010943e+00,-3.948469006342462784e+00,-4.316580789721463418e+00,-3.656247894947712851e+00,-4.153131230906685900e+00
-1.631330613177071953e+00,-2.280277557946335243e+00,-1.685062630969946573e+00,-2.046173552374610960e+00,-1.792083132238521337e+00,-1.725759445344605236e+00,-1.497105986898827901e+00,-2.600872630762397719e+00
-2.089890419703948066e+00,-1.545001455283037561e+00,-1.651293805808085269e+00,-1.776147759826020245e+00,-1.764131272449461107e+00,-1.509013859996745532e+00,-1.575114955520516391e+00,-2.005335938945094210e+00
-1.304219559640482418e+00,-1.527361120197291200e+00,-7.108056275212157882e-01,-1.707512824527628092e+00,-1.813815313894327375e+00,-1.367141954366067447e+00,-9.991205794989024280e-01,-2.136429151699638318e+00
2.053602018479659730e+00,1.672761673511431235e+00,1.872395990799530008e+00,1.519471793391728998e+00,1.635267655011203747e+00,1.923896387018489085e+00,2.040389734243803765e+00,1.732519231056965925e+00
6.188989888476914558e+00,5.955585983666915162e+00,6.046858554116278484e+00,5.325074409883414184e+00,6.427659453091918884e+00,5.618784974444774427e+00,6.260615573923779209e+00,5.160938523870472139e+00
7.663108370716859241e+00,7.159398649994643371e+00,7.634541501744114278e+00,7.248705061846169251e+00,7.280817593924410858e+00,7.216238457439338561e+00,7.392651740970916485e+00,6.969822612633186587e+00
7.694913929094163052e+00,6.670470268485737542e+00,7.121114170173601821e+00,6.603901757624792701e+00,7.172771578393358993e+00,6.781993239685597530e+00,7.350098687038432388e+00,7.025143860080725666e+00
7.982588184620933447e+00,7.560441584228914103e+00,8.097938341179032662e+00,7.445552472438908609e+00,8.384508093046598276e+00,7.735861881804466655e+00,7.883248621972811954e+00,7.560176209622566645e+00
1.045445373653642207e+01,9.285379336431732966e+00,1.011325818010696942e+01,9.890599073035401645e+00,9.928807357479486839e+00,9.811414354497339119e+00,1.050300852606325286e+01,1.006759512471096940e+01
8.970450604550670448e+00,8.689290641226847356e+00,9.201069915413802036e+00,8.716840440440606130e+00,9.322693215378698994e+00,9.508708222403955190e+00,9.338392016898421133e+00,9.576074026089973046e+00
6.093913543490475426e+00,6.216969682720929313e+00,6.017830574588660220e+00,6.604426509971396797e+00,6.357038798763383625e+00,6.243781765865043631e+00,6.229225880366366930e+00,5.915368708455678082e+00
4.214986795631181060e+00,4.046953459676301712e+00,3.793362686692771657e+00,3.802334559726493701e+00,4.526745482459899605e+00,4.108917243554627063e+00,4.484689128149255133e+00,3.779996688483761691e+00
4.695052137792153246e+00,4.406111965939628838e+00,4.285971339011518388e+00,4.471436587123756468e+00,5.044257757702680145e+00,4.208048238715441869e+00,4.657283327521358984e+00,4.307235021579212564e+00
4.232205182370232244e+00,4.139071275405327377e+00,3.853256463160348311e+00,3.890063374538295093e+00,4.381917595974453405e+00,3.945079230396579373e+00,4.069535969347121807e+00,3.680097277150384816e+00
1.441714608533979591e+00,1.558506430044179547e+00,1.132376640591770123e+00,1.356473897734974177e+00,1.360119054882184209e+00,1.251182279723733748e+00,1.311222304400117666e+00,1.141962864869792815e+00
-9.273661448844272570e-01,-6.979656766837089021e-01,-6.600545960245651766e-01,-5.356921196386694728e-01,-9.750730254164214905e-01,-6.762138294996413723e-01,-4.887037350707514882e-01,-8.074933024496517842e-01
-1.387055377993847149e-01,-1.968164809923045877e-01,1.665437045834345653e-01,-3.417491791593963574e-02,-3.212720987533701500e-01,-1.434998284498328891e-01,-1.988556666410260521e-01,-9.180303692905722457e-02
1.080141387587042701e+00,1.119962746286314204e+00,9.050816391694483931e-01,1.319392552139829533e+00,5.979514728505631593e-01,4.711976191467709962e-01,7.189781389560480074e-01,1.340428261972123058e+00
-1.261101735438447058e+00,-8.462711032749612450e-01,-1.310584995328332614e+00,-1.173031444326804618e+00,-1.215041400890315870e+00,-1.673531232035018856e+00,-1.317143320541376061e+00,-1.388148078180619915e+00
-4.401543105433738390e+00,-3.988152590791509411e+00,-3.800694831725429879e+00,-3.928251132887283337e+00,-4.098814453555069015e+00,-4.620434140526558764e+00,-3.899532904974403635e+00,-3.552411019129031899e+00
-4.859171602585438343e+00,-4.292839582433273904e+00,-4.275567183509249247e+00,-4.667577889951090242e+00,-5.355772722296111787e+00,-4.630060955412818480e+00,-4.680077613325939190e+00,-4.761862777229291410e+00
-4.441996561900179330e+00,-3.757375487657888424e+00,-3.813170990543353511e+00,-3.745043661970361093e+00,-4.611353504682949911e+00,-4.528428492126503002e+00,-3.714580993604854164e+00,-4.048849304203572252e+00
-6.045230829270036743e+00,-5.681966422815166950e+00,-5.209057800764975710e+00,-5.735105951680976588e+00,-6.023922852651841353e+00,-6.262849508537919441e+00,-6.270034884475954584e+00,-5.710833143706698145e+00
-9.432583815214215406e+00,-8.968148448849659005e+00,-9.298628162771693795e+00,-8.956086068212284701e+00,-9.606207401345089991e+00,-9.203096414066351372e+00,-9.504447358915923516e+00,-8.964729444170242090e+00
-9.956824623938667074e+00,-9.525308120248944022e+00,-9.713200060998696372e+00,-9.531882609896788594e+00,-1.069518823001920893e+01,-1.004112927614116124e+01,-1.010877125906723606e+01,-1.006558761078430386e+01
-8.370513313229890784e+00,-7.527043361072984773e+00,-7.628496810703548014e+00,-6.482793302243725186e+00,-7.586516604711324163e+00,-7.523656049973541649e+00,-8.486265049920445946e+00,-7.787386949261343005e+00
-7.198869628400827558e+00,-6.966552853166180448e+00,-6.974577116327616011e+00,-6.363239380262484701e+00,-7.249124204408365024e+00,-6.406506621751574926e+00,-7.389897256275955506e+00,-6.758787095557226010e+00
-7.557973927894643396e+00,-6.930606757832760145e+00,-6.869772023477963785e+00,-7.306068210530562546e+00,-7.569158735510238323e+00,-7.349120704991134012e+00,-7.750339125631770187e+00,-7.468281669706925641e+00
-6.473457204866011061e+00,-6.232551839487059375e+00,-6.399716348962195767e+00,-5.872019654333855421e+00,-6.147826419914274254e+00,-6.063335835019773690e+00,-5.922376907584430583e+00,-5.678661454983008561e+00
-2.057681243500300905e+00,-1.956515804072886278e+00,-2.089355368018684711e+00,-1.692894154189453326e+00,-2.143926049057317318e+00,-1.729613282642384231e+00,-2.136893386129352645e+00,-1.047711427382302718e+00
1.009740412413277166e+00,1.991556384660192913e+00,8.914284621471922909e-01,1.684432181423748176e+00,1.196049781330643880e+00,1.152471823854886779e+00,1.082072487556067220e+00,1.995285052130615355e+00
1.543827519777749346e+00,2.227657551084952114e+00,1.392217959469382871e+00,1.958136346041492004e+00,2.537437422602004222e+00,1.459146009257921373e+00,2.005675148891713278e+00,2.504873139375209945e+00
1.706195712729127401e+00,2.550521519330816389e+00,1.675839754749068655e+00,2.048253489485900580e+00,2.408771796963589118e+00,2.153399969499801170e+00,2.260624507809875450e+00,2.715619759274972900e+00
3.670490974919276006e+00,4.227043410935570122e+00,4.016614919939169859e+00,3.815949228697577578e+00,4.596509006556625643e+00,4.258668748992834985e+00,4.396799608359644118e+00,4.266161937936134407e+00
5.990980457325806086e+00,5.802780198779098342e+00,5.646934192038284728e+00,5.946403067074311544e+00,6.363153968668828320e+00,6.031429029797282126e+00,5.619040973643762982e+00,6.610008728157611202e+00
4.334666862698600021e+00,4.743428884152043778e+00,4.552485233552177490e+00,4.272790026655152396e+00,4.530953205714987497e+00,4.833160684960779108e+00,4.408617983790239947e+00,4.720517435011909235e+00
2.002932414619187806e+00,2.396400081997108966e+00,1.681632565582320771e+00,1.943575698836950583e+00,2.731421789012789425e+00,1.564211091767535144e+00,2.675057511708094804e+00,2.269728338111920429e+00
2.084275829870290142e+00,2.324276172694496712e+00,1.579146871071942737e+00,1.840503998344914738e+00,2.005982857461131807e+00,2.557856210247354767e+00,2.178086763827106864e+00,2.912780152222108843e+00
3.417618657143715044e+00,3.928257748264055937e+00,3.874302919712861115e+00,3.096001080569903863e+00,3.632737476956682254e+00,3.618135827638986779e+00,3.375404809156060004e+00,3.393178987505512278e+00
2.837654943130218044e+00,2.720719977502866094e+00,2.586008844488673297e+00,3.052424693009654355e+00,2.331675112147364004e+00,3.103074401347461819e+00,2.998685142545747251e+00,2.453269074418745532e+00
5.370695035708810128e-01,6.972787246306627607e-01,2.371923974625583520e-01,7.302373446993012385e-01,4.131860467642034518e-02,7.317139233292827560e-01,9.555269945948423604e-01,7.973222832382532710e-01
4.991210449282723061e-01,1.526421622567488146e-01,3.648163757418291242e-01,6.927326171664220933e-01,6.971587137939475598e-01,5.356847047123943772e-01,4.602742713080604231e-01,7.518203827272929018e-02
2.820485112508672731e+00,2.590059624579737374e+00,2.570737038474891101e+00,2.432266724881579023e+00,2.461955813186703868e+00,2.488441399001295462e+00,2.826063032288694821e+00,2.297202646733923714e+00
2.938448364555305226e+00,2.861727345483950025e+00,3.796425769190029609e+00,3.078184564413280366e+00,2.598885182160316720e+00,3.130159150550661185e+00,3.556227836432532374e+00,3.269353917782175323e+00
9.504218069508061362e-01,4.256766961572262531e-01,1.405018677611650668e+00,1.355927151751689097e-01,1.203633919458467538e+00,7.603424159103183699e-01,8.101318184514016973e-01,7.236825791683280107e-01
-3.989487886696491681e-01,-8.943892818753581553e-01,2.195468691834180919e-01,-5.090430859166248379e-01,2.191772065244425027e-01,-3.146088892520231828e-01,-2.524677461548844315e-01,-1.250477102184689215e+00
5.529446509539657217e-01,-4.317569898704243930e-02,1.061940897919543492e+00,1.750275581524670387e-01,8.095517741533979628e-01,-1.699917313722473233e-01,2.714042934482852609e-01,1.512440988850839718e-01
1.070773562989325800e+00,7.408913145355604246e-02,1.432887104093095498e+00,5.127847264600355892e-01,3.974774323335354964e-01,3.276788233178443699e-01,4.479356903664707956e-01,-8.997971213942203283e-02
-1.936566107804050141e+00,-1.838968853206194742e+00,-1.637664168554056499e+00,-2.031603568640345081e+00,-2.129100213767819216e+00,-1.390282088653345571e+00,-1.982901645828228698e+00,-2.152134645096051013e+00
-4.168982109983150330e+00,-4.677843353265127568e+00,-4.096127436051128612e+00,-4.680533358017784806e+00,-4.224843524156253416e+00,-4.453415780140224989e+00,-3.996874372302607004e+00,-5.180100059283494929e+00
-2.907792845441278917e+00,-3.852836307980646247e+00,-2.967038559030757749e+00,-3.952799424733368649e+00,-3.348840396859217527e+00,-3.473265538688127485e+00,-3.422987604267643036e+00,-3.883004788983855704e+00
-1.504432934103708153e+00,-2.419878096637550158e+00,-9.926649508096327956e-01,-1.749345742415732818e+00,-1.829723348784822123e+00,-1.706042713102354336e+00,-1.585692843517388706e+00,-1.688677182177396485e+00
-1.206698636617851372e+00,-2.032433707596726258e+00,-1.160239862743592143e+00,-1.396371038084789351e+00,-1.681338445793639558e+00,-1.366681665828612280e+00,-1.397064772087238227e+00,-2.397762549316773129e+00
-2.200767228645362117e+00,-2.310360815424706171e+00,-2.066496769630266517e+00,-1.913054399779592130e+00,-2.024944395713065948e+00,-2.228901105875064292e+00,-2.265152304168243536e+00,-2.556687899702620559e+00
2.797301343611324764e-01,-1.698469991513300026e-01,5.618090002822246909e-01,-3.699072172111806944e-01,3.845896987448850224e-01,1.160369990299192494e-01,4.368838510971992939e-01,3.635643270331540000e-02
3.904550376330866879e+00,4.302225722049215939e+00,3.901388259474990683e+00,3.485769531257048026e+00,4.100226500409034358e+00,4.184775608565515448e+00,4.458610258979831542e+00,3.678554541866236871e+00
5.617506311170337163e+00,5.390388985288418588e+00,5.419956610115449713e+00,5.013317878710240372e+00,5.709331107620367440e+00,5.182584117390287126e+00,5.597142243310035958e+00,5.716481677602888389e+00
5.089238793211822376e+00,5.002792471828710674e+00,4.344114829960919799e+00,4.221543000829989900e+00,5.354239025157785825e+00,4.726745852237662859e+00,4.671081931537572451e+00,4.849236039265606202e+00
4.475561511228148603e+00,4.894549578494647335e+00,5.123024278550915689e+00,4.135427745324602000e+00,5.536345298060164843e+00,4.935822070304961784e+00,5.021172584097824299e+00,5.149073036548572624e+00
6.798370901707725622e+00,6.706970165852797372e+00,6.564872791480784286e+00,5.929661907333062310e+00,7.063648540180994750e+00,6.785191467085764927e+00,6.022915504730878666e+00,7.041027766090421025e+00
6.482660772959334849e+00,6.586568038794277768e+00,6.287962473914372019e+00,6.053718676817079647e+00,7.243135459728454961e+00,6.408248444225784546e+00,6.603997672525531826e+00,6.897139203386227102e+00
3.006200990858475475e+00,3.567852280074916838e+00,3.261922975923376100e+00,3.332261020470006496e+00,3.433403895201012190e+00,4.288917021017776499e+00,4.222365738347364506e+00,3.779336913127416597e+00
8.705351954508816492e-02,1.579240392497486045e+00,1.093940483616017589e+00,5.164682958341213492e-01,1.400927897385041421e+00,1.138690938036666989e+00,6.595282602909350311e-01,9.437268614144125323e-01
5.642439797686593650e-01,5.056790009353552273e-01,-2.002382770723254435e-01,1.044248894430370944e+00,1.101901791274261910e+00,1.073136372417366813e+00,7.285897791230847576e-01,1.012296616295354390e+00
3.749909322803891554e-01,6.474453797510498765e-01,1.340912278837192995e-01,1.506648272086133833e+00,1.888252944356353824e+00,7.764730662250478588e-01,9.931540025062082222e-01,1.147332117573151677e+00
-1.764091203987800727e+00,-1.294343254121173237e+00,-2.137371292386109900e+00,-1.529253904967026401e+00,-1.867590338962939800e+00,-1.352890897308808071e+00,-1.124543055180202256e+00,-1.204067853259119580e+00
-4.109143998838184153e+00,-3.480007730680546363e+00,-4.425235733786516690e+00,-3.515125992148022682e+00,-4.068713038145261862e+00,-3.234064753924746238e+00,-3.658680748417922235e+00,-3.626446510516416755e+00
-3.005221734563160219e+00,-2.759951278790839346e+00,-3.796848338166936010e+00,-2.599219778507184220e+00,-3.190618859703659993e+00,-2.616909829614042060e+00,-4.039030204520251743e+00,-2.804649811431078721e+00
-2.040304017933099345e+00,-1.436465208457778031e+00,-1.979858178208795838e+00,-1.617233061525054749e+00,-1.769273623603266898e+00,-1.280037476232094518e+00,-1.782090466008175111e+00,-1.978809592338611534e+00
-3.324708317425940862e+00,-2.860875221620964304e+00,-3.240057774667488122e+00,-2.800612745073587817e+00,-2.437914514766231555e+00,-2.631735814579061916e+00,-2.293848540984285922e+00,-2.763291163389345773e+00
-5.482550511385814396e+00,-5.043753859187035893e+00,-5.233895593869936747e+00,-4.843622203285809391e+00,-5.815216439887977984e+00,-5.816635519748952987e+00,-5.438699338712233100e+00,-5.215683330893911673e+00
-5.977231572601212406e+00,-5.586724820101815148e+00,-5.773962596726828878e+00,-5.780610267304443717e+00,-5.904990161137900095e+00,-5.801110630863127504e+00,-6.488957319923459366e+00,-5.969351601581570854e+00
-4.603612872570046477e+00,-4.801392950172417073e+00,-4.572196825011945798e+00,-4.260957029803726925e+00,-4.829566233413375542e+00,-5.236127043299250161e+00,-5.005346554037278572e+00,-4.266905153008838880e+00
-5.661331707998456864e+00,-5.425097793288613524e+00,-5.437726760530384951e+00,-5.264558196748374996e+00,-5.880099486005704534e+00,-6.122058819780606953e+00,-6.329863354990829194e+00,-5.722204907321671641e+00
-8.590356908800497848e+00,-8.358258276171824264e+00,-8.185090802058592629e+00,-8.177748520382040809e+00,-9.159832811394934993e+00,-8.290258081155418068e+00,-8.305220363336466960e+00,-8.524393402334206726e+00
-9.092500628118942885e+00,-9.390641963252958746e+00,-9.322263758868542638e+00,-8.691910304242171037e+00,-9.264087045918369512e+00,-8.958606501641696696e+00,-9.743158799717082985e+00,-9.609014048437165556e+00
-7.688323210516933237e+00,-6.790385783781940354e+00,-6.405150249402909779e+00,-6.528569486477733719e+00,-7.090047476269282889e+00,-6.609864771012225582e+00,-7.198600014080960285e+00,-7.307556574196761190e+00
-5.606177506079230710e+00,-5.070337986746360492e+00,-5.104957736905681109e+00,-4.470892053650205256e+00,-5.329741817952468708e+00,-4.842236654519838979e+00,-5.551238486874386702e+00,-5.773805615436816474e+00
-5.631363254407150798e+00,-5.111369300038095531e+00,-5.741913877069740657e+00,-5.034558992343384887e+00,-5.354880269610891474e+00,-4.865201513338614170e+00,-5.416265761046740401e+00,-5.409691838793004415e+00
-4.300568956480500304e+00,-3.609484291578984649e+00,-4.395791317349547533e+00,-3.910330240033008664e+00,-4.146781196742083786e+00,-4.299221419520307563e+00,-3.680325638214823947e+00,-4.470186066130473534e+00
-4.130058442669386487e-01,-7.352616385620713846e-01,-5.221508967083903219e-01,-1.845470388143592710e-02,-2.362073767185951176e-02,-3.149300540544502230e-02,3.103714946806344563e-02,-8.322107542689481663e-02
4.374171299578059724e+00,3.626065112187955020e+00,4.100278982365043845e+00,4.133936502559400594e+00,4.406849140031154022e+00,3.551690608332217725e+00,3.958410089855224356e+00,3.421108567660964273e+00
5.286723662855902894e+00,4.755650126152174195e+00,5.146626884066344942e+00,4.562501572650670134e+00,5.425525031657112862e+00,4.423666570241422846e+00,4.908762952516368294e+00,5.020345765431466489e+00
4.973010157903512862e+00,4.994543729249325992e+00,5.034759362480477840e+00,5.082250014422310613e+00,5.255059681283793971e+00,5.213570339588595282e+00,4.732394040357005949e+00,5.848407497500303087e+00
7.027020569857745258e+00,6.923348384552062029e+00,7.644771103913095445e+00,6.764602972282599325e+00,7.144267462215557529e+00,6.654940582419108352e+00,6.845488914431690830e+00,7.551942222817066508e+00
9.625545649719841279e+00,8.769999360886151507e+00,9.374935940044421656e+00,8.440739941331514729e+00,9.460803811398911023e+00,9.377315886465508399e+00,9.489981795741988080e+00,9.859756636822067932e+00
8.948856196913725469e+00,8.144504445508273349e+00,8.583822366520553970e+00,8.437373972153299206e+00,8.938173581582535832e+00,8.694509959892661399e+00,8.969131600733984300e+00,8.993740686703315390e+00
6.510884349280399164e+00,5.455642561477629826e+00,5.310723249639260679e+00,6.063475738325887932e+00,6.083407084741368820e+00,5.490022264379454064e+00,5.777551731861882089e+00,5.929759688588533528e+00
5.885527884944340649e+00,5.593837527176617641e+00,4.416761957041701159e+00,4.892855728230184553e+00,5.242908272804564618e+00,5.040799658249904169e+00,5.561058521578531533e+00,4.619803951837728739e+00
6.167553407775516305e+00,6.436306025371751893e+00,5.800513742884471746e+00,6.116845073780893927e+00,6.326709656809875071e+00,5.748912157626710595e+00,5.927326619273442176e+00,5.401341761592678203e+00
5.239471765863183528e+00,5.225942141854202916e+00,5.386310446026861598e+00,5.218282362058559443e+00,5.426507757123085085e+00,4.886173795472267045e+00,5.554028135876141192e+00,5.475728364667996395e+00
2.378045185420050167e+00,2.636526460664816440e+00,2.318183189946389611e+00,2.130060361894570597e+00,3.462654260522403771e+00,2.904286327930747369e+00,2.741554568455674357e+00,2.563521678032940621e+00
2.048810768394324189e+00,1.233630168709517250e+00,1.835870152137305311e+00,9.385164090656384905e-01,1.808130591382704822e+00,1.582274042449419493e+00,2.248338637677339769e+00,2.182587912650608253e+00
3.241873073366278835e+00,2.394543482252405653e+00,3.477794988747814120e+00,2.983171411792685301e+00,3.186230112729314001e+00,2.997743511125725568e+00,4.021601325158499662e+00,2.792302311253600067e+00
3.991092464441329479e+00,3.449302039339278370e+00,4.105445097340386873e+00,3.275598622305885055e+00,4.006625333679813217e+00,4.254565782348432634e+00,3.422626013467321648e+00,4.086660464966593409e+00
1.650265027676334206e+00,8.320364098311952006e-01,1.708501643429815475e+00,8.643471002448324114e-01,9.588927002157391355e-01,8.660160647268286827e-01,1.514294235049246096e+00,1.143603023679718556e+00
-5.760760109244335014e-01,-1.273364262581244244e+00,-5.174647567231825951e-01,-1.207906432434180610e+00,-1.144105442608840395e+00,-9.243890498381152065e-01,-3.906379483612806847e-01,-7.820938150429788127e-01
-2.228110582182547539e-01,-1.681623973673813666e+00,-3.655873121726092578e-01,-8.943143610635646557e-01,-6.448253186060962650e-01,-1.274115256238792959e+00,-1.198410945665713934e+00,-6.698406124305931186e-01
-4.737563056280357787e-01,-1.292194229075620093e+00,-2.229057020613991469e-01,-1.306473861788826074e+00,-1.435262441514874476e+00,-5.498524062938596746e-01,-5.263259545340378542e-01,-1.430259743505676528e+00
-3.232036428679043727e+00,-3.522125275997553207e+00,-2.706322074815393108e+00,-3.441048155686544430e+00,-3.214065364788914358e+00,-3.227009927072145068e+00,-2.925358337161557909e+00,-3.875672105891788011e+00
-6.722036218107348304e+00,-6.503344093772803092e+00,-5.782207599725402325e+00,-5.847308060803209528e+00,-6.274061768813790962e+00,-6.252282840996143953e+00,-6.419483791239072978e+00,-7.185653556422170851e+00
-7.170448692055321871e+00,-6.570560227303768208e+00,-6.463150646230801932e+00,-6.678863951241561736e+00,-7.031261969497340836e+00,-6.752171523950705634e+00,-6.466377409098350348e+00,-7.395329594755503777e+00
-5.139650010907889310e+00,-5.272184883526686683e+00,-4.869523632789950263e+00,-4.283114638430948418e+00,-5.085945257099443673e+00,-4.918829649623388534e+00,-4.380869762294907765e+00,-5.022473252869134264e+00
-4.853281117220080709e+00,-4.359853477992547077e+00,-4.496004185317208801e+00,-4.474153747374712609e+00,-4.604563200776144782e+00,-4.211987364254309973e+00,-4.147348663297271365e+00,-4.975700636592093495e+00
-5.188837259866502905e+00,-5.679933826887802795e+00,-5.393164728628071281e+00,-5.066550456537470382e+00,-5.885393437554010454e+00,-4.860973826516426399e+00,-5.639493619516747103e+00,-5.619683296633462888e+00
-4.150474636362233127e+00,-3.697856069653743916e+00,-4.254806667581404689e+00,-3.450901089336709582e+00,-3.879816776854618787e+00,-3.786023302587795847e+00,-4.278907585182166073e+00,-3.768886527140565601e+00
-4.653954841454865932e-02,-3.910040668716540518e-02,-1.214455045650000009e-01,1.819090640920834612e-01,-4.197714412004811546e-01,-4.409464957035091892e-01,-5.842369190691800718e-01,-4.769849005744988268e-01
1.770893245080671585e+00,1.818522538364432783e+00,2.117536253247878975e+00,2.392829704996391804e+00,1.971848149742490008e+00,2.109703195571045242e+00,2.214152730816946413e+00,2.884753794662294979e+00
1.072470177232897504e+00,1.669312190628553738e+00,1.647505496370515132e+00,1.220368162444304572e+00,1.451790821213546412e+00,2.195676980995671101e+00,1.000998473747463535e+00,2.037751333171351487e+00
1.108018714115552639e+00,1.900251931973622188e+00,1.706449008235532361e+00,1.869827404583217723e+00,1.829456792895537642e+00,1.471995276312989320e+00,1.315395194629489950e+00,2.381106983758451978e+00
3.079993515416310501e+00,3.963557089069760675e+00,2.774402909587342148e+00,3.247579557725545740e+00,4.032869518579292212e+00,3.840212679587101885e+00,3.357187746962479125e+00,4.384586432870135830e+00
4.694074263501906152e+00,4.606013183339458195e+00,3.777625213008001026e+00,4.462279341328199145e+00,4.435921521556299929e+00,4.043492831316914504e+00,3.989109479850843076e+00,5.409482943222428730e+00
1.418506387428791315e+00,2.829904893066889748e+00,1.387024249674523535e+00,2.223084414454170599e+00,1.750379057803256977e+00,1.991103247705497736e+00,1.897917702089949366e+00,2.582632874720289795e+00
-6.992945338513740783e-01,1.471175610412989720e-01,-1.242861452270550338e+00,-1.791150787543958345e-01,-7.994848445992646102e-01,-3.042820200184487289e-01,2.634415604333062433e-02,-6.660512901873925085e-01
-1.122996852660555600e+00,-8.907325988748758527e-02,-1.275772376134103103e+00,-2.080460633294006767e-02,-2.743038701682539715e-01,-1.867467695145925699e-01,-6.422007664674997951e-01,2.909106944773386799e-02
2.816108088255876996e-01,1.048677016863972966e+00,-6.270067274558082104e-01,5.148263477728007853e-01,9.700819488090619558e-01,3.450551152381944320e-01,1.255496951544955164e-01,8.422100460951982281e-01
-1.269070258845910182e+00,-7.048265208606085963e-02,-1.486528031670859562e+00,-1.068939760256583327e+00,-9.233335687799613112e-01,-1.096722025720800131e+00,-8.536184149247378894e-01,-1.021130567317911186e+00
-3.491640064040111735e+00,-2.272649400193322844e+00,-3.745961660297337570e+00,-2.583437650765176841e+00,-3.311704418744845224e+00,-2.723530516553972713e+00,-3.206384722423728739e+00,-2.850391071056414649e+00
-2.856629333621282463e+00,-2.823364405413399503e+00,-2.827742968610066132e+00,-2.364722431818673254e+00,-2.474830403290149583e+00,-2.213568918914925465e+00,-2.328430313339361124e+00,-2.539733920408771883e+00
-8.225468471703766271e-01,-7.271902404343124626e-01,-8.113085669259477717e-01,-5.491995388567444403e-02,-6.735209436740752231e-01,-6.736418987180836648e-02,-5.823028566406630580e-01,-7.623113239102334848e-01
-4.327934884790388681e-01,-1.461927470695858489e-01,-7.829343650093795182e-01,-5.370737146619503077e-01,-7.670618250798935112e-01,-7.438624461846865543e-02,-7.278642367786737344e-01,-2.501020410650053871e-01
-2.774534454540568795e+00,-3.146585420255142207e+00,-2.397448041542948882e+00,-3.154711154555291053e+00,-3.111029815495266693e+00,-2.759454155248914464e+00,-3.318298220574815716e+00,-2.844438850976303890e+00
-3.651341033464923225e+00,-3.984915944624564332e+00,-3.017830929487113956e+00,-3.162678832648169625e+00,-3.125216784237597079e+00,-3.593876965933359369e+00,-3.941613336768423181e+00,-3.591071234824289693e+00
-2.323433104494428303e+00,-2.446437797002234404e+00,-1.505012838627389993e+00,-2.226927873593350427e+00,-3.020685030113381409e+00,-1.746408264575907365e+00,-2.656454463355256035e+00,-2.402971272051708684e+00
-1.947407803684213068e+00,-2.239722679982528941e+00,-1.054363028834802041e+00,-2.026867556514815760e+00,-2.108804971406893713e+00,-1.943473924822236132e+00,-2.017134940728375625e+00,-2.076050841081981790e+00
-4.001760187836254090e+00,-4.846279055256441204e+00,-4.091563919388469195e+00,-4.729845694432147418e+00,-4.971071904162721822e+00,-4.850203876142793469e+00,-4.965867413808540576e+00,-5.037820155995450300e+00
-5.796891229018108049e+00,-6.343623937283815017e+00,-5.405681211711981682e+00,-5.350980420953749928e+00,-6.313369430588857689e+00,-6.161054728749788545e+00,-5.498294763038503952e+00,-6.448211380031985129e+00
-4.064834366429002088e+00,-4.510809464559160986e+00,-4.085992099907097774e+00,-4.272376767943787179e+00,-3.842233299388729151e+00,-3.845833366972157386e+00,-4.011110900630580289e+00,-4.836645766458644857e+00
-1.734969239047863265e+00,-2.318003151748868618e+00,-1.987231813790983459e+00,-1.946498050184794604e+00,-2.322049363738278416e+00,-1.847632824489113146e+00,-1.868527443672697075e+00,-2.375113219138286880e+00
-1.260943151235138338e+00,-2.239444390874289592e+00,-1.022826545980284330e+00,-1.759462778714615983e+00,-2.104955673290660467e+00,-1.701895169159232335e+00,-1.890871247770950392e+00,-1.930170811118722130e+00
-1.142503444324159068e+00,-9.159970011349902741e-01,-1.408114119595119229e+00,-1.848086769764929693e+00,-1.453440157552965850e+00,-1.044910343612272863e+00,-1.040788119959759728e+00,-1.659416607365919560e+00
2.071435645517352153e+00,1.807389288890984602e+00,1.873398913274054500e+00,1.776579660922816162e+00,2.157801624952882413e+00,2.118553357179565833e+00,1.885606222457974379e+00,1.812519167398420450e+00
6.712539855967851743e+00,6.091835364470459702e+00,6.274574885077730535e+00,6.146126359654277671e+00,6.135127112039897135e+00,6.331189617262247715e+00,5.967512461018450232e+00,6.045315497892677747e+00
7.874277977623381553e+00,6.994100464455009991e+00,7.544067835216449858e+00,6.721833936088124517e+00,7.212301244143544565e+00,6.604831767146558619e+00,7.947644034891698794e+00,6.892227123135803879e+00
7.707158333322650101e+00,6.581564547646265417e+00,6.733225738624455836e+00,6.402739050918302866e+00,6.980732230449418374e+00,6.704592915999653790e+00,7.185265550480869123e+00,6.622305171146762426e+00
8.297307850495450054e+00,7.468875338665777797e+00,7.857543465262854632e+00,6.459491700359111022e+00,8.677663116130069909e+00,7.845988263242261951e+00,8.020793792848508019e+00,7.892411647202957070e+00
9.796629520642788691e+00,8.909299733895586826e+00,1.020869948203127464e+01,9.287261527306766240e+00,1.029251859282890713e+01,9.182378326317365946e+00,1.024989151800197362e+01,9.721751028726206556e+00
9.064863776261706363e+00,8.738975418929106453e+00,8.899698246559804460e+00,8.679701463633257674e+00,9.765298100797501490e+00,8.888457159820088549e+00,9.435821829327572630e+00,8.984775482419459891e+00
6.689657432155606820e+00,5.477810613742466472e+00,5.452913647597310565e+00,5.449348504715113783e+00,6.306848755981842025e+00,5.710546254592089532e+00,6.337977256296995598e+00,5.504112044010015303e+00
4.683260592334642425e+00,3.455028353316506706e+00,4.153903550757208407e+00,4.195028525223993832e+00,4.177801087350676568e+00,4.094038310823344240e+00,4.012016351240292877e+00,3.666723811245752085e+00
4.465329674399533211e+00,4.226330943546989793e+00,4.414850921621858326e+00,4.297005477109744120e+00,5.229072961541119113e+00,5.047931934888585381e+00,5.271243583837613045e+00,4.372533339132796293e+00
3.903881012091600766e+00,4.534006291202890893e+00,3.634840622949679023e+00,3.956153502592302473e+00,4.143344008427984448e+00,4.731857634209405639e+00,3.985022473329868475e+00,3.949013062859996648e+00
1.642143725646690200e+00,1.306695903858212437e+00,5.931970950080118765e-01,1.131618367280189830e+00,1.205011112526415795e+00,1.072785359377001591e+00,1.787034236827679923e+00,9.344107994354231561e-01
-1.154862327822936852e+00,-3.649057308952697865e-01,-1.115203545230956994e+00,-1.361421359534060072e+00,-4.223718894426981563e-01,-5.939504037539969916e-01,-8.135098959293628473e-01,-8.144429261111030272e-01
-2.684181056868319426e-01,1.232947730701813155e-01,-1.641133105486687616e-02,-3.395959320231701217e-01,-2.167081076602976331e-01,1.676393556426129250e-01,2.421291346964063729e-01,-1.301500922725959408e-01
1.015746661616604873e+00,9.868425073061720676e-01,1.241518165264534179e+00,1.074704643840603602e+00,5.727963962171035428e-01,8.682053103564958407e-01,9.771162908458633778e-01,1.165292566128226293e+00
-1.322091974831796968e+00,-1.590295852760781559e+00,-1.378821792306875516e+00,-1.877761423780793137e+00,-1.334948071179373974e+00,-1.197377734877105970e+00,-9.761738121975628291e-01,-1.220814661481937957e+00
-4.020373768448371798e+00,-3.979334301130554419e+00,-3.846352173597674007e+00,-4.239291353605044499e+00,-4.199720534316807807e+00,-4.033958062074492368e+00,-4.411095575781932787e+00,-3.760941708485101564e+00
-4.568218307941735112e+00,-4.366324365614186576e+00,-4.064618450072046585e+00,-4.514794598483891974e+00,-4.647918722207599274e+00,-4.053304708038509396e+00,-4.327433380780837169e+00,-4.388526877647237256e+00
-4.064888511459994191e+00,-4.302957674372120955e+00,-4.585505666523869372e+00,-3.347506824147989501e+00,-3.748149669384032379e+00,-3.756788905194976547e+00,-3.703138766679519023e+00,-4.491303886959233438e+00
-5.772134494092015622e+00,-5.853134106551634019e+00,-5.560879542525389851e+00,-5.464316655789219546e+00,-6.284400644227940980e+00,-6.280737972570143768e+00,-6.300681204933946233e+00,-6.092962218992236778e+00
-9.448136063964804876e+00,-8.982521874410942075e+00,-9.496231500871198605e+00,-8.940765307526973515e+00,-1.034338810451151680e+01,-8.846209527948843743e+00,-9.422730447251652208e+00,-9.674823819644789324e+00
-9.970788592175942711e+00,-9.869678020710436428e+00,-9.740288118699226061e+00,-8.907586178317616898e+00,-1.017219587305884865e+01,-9.372642070970300665e+00,-1.021449561532596562e+01,-9.971946492939313345e+00
-8.857389149638265735e+00,-8.019772062758262265e+00,-7.875030485993640639e+00,-7.506477062321093463e+00,-8.281898960843916413e+00,-7.543091520377642745e+00,-8.195203496978601621e+00,-8.177447110451982581e+00
-7.261047056302850855e+00,-6.992590050371524590e+00,-6.678601773118251650e+00,-5.981466264088546758e+00,-7.227406677408474422e+00,-6.289146229682437195e+00,-6.565452362568579225e+00,-6.770551910611025015e+00
-7.998620127172697991e+00,-7.114872042314189571e+00,-7.405848244961543259e+00,-7.276635758073080495e+00,-7.610674730485399664e+00,-7.127870388768796417e+00,-7.892409416549095447e+00,-7.709006217368955305e+00
-6.746297161077044358e+00,-5.727704687512312987e+00,-6.999491708961759429e+00,-5.340575866877350641e+00,-6.276287333030269089e+00,-5.872087326413912400e+00,-6.545761508794717187e+00,-5.859035888543614234e+00
-2.458159524846227129e+00,-1.955893716672819860e+00,-2.422015908861572253e+00,-1.799263895987958994e+00,-2.049431037125956312e+00,-1.854470050281069371e+00,-1.643685287396513539e+00,-1.434734404229135452e+00
1.108081162523057106e+00,1.608462466715624872e+00,1.172531724421098875e+00,1.211880799356449323e+00,1.598235148808327510e+00,7.611971272854177739e-01,1.414830272207316497e+00,2.126053523404554557e+00
1.927514436454059066e+00,2.146752613118223074e+00,1.439181414176419205e+00,1.726554305600988437e+00,1.738310687923855236e+00,1.669846664565332039e+00,2.273825799922476243e+00,2.105715898288725629e+00
1.422799265606738750e+00,2.289759246824628391e+00,1.744442800557085116e+00,1.928472377868989840e+00,1.823504135386492475e+00,1.593975253707525352e+00,1.660139776594422578e+00,2.519298557476894462e+00
4.038432316374260367e+00,4.774109762078451169e+00,3.999533667947707372e+00,3.860982791531010427e+00,5.257062282010685372e+00,3.637478033921178078e+00,4.058069211258533038e+00,4.759699012016095132e+00
5.699637883090049151e+00,6.531549100821532505e+00,5.733741262760108093e+00,6.010456985822436593e+00,5.975509978018986423e+00,6.281169514515953622e+00,5.676764889682758941e+00,6.936079210058545108e+00
4.377185636450856343e+00,4.515172613446210015e+00,4.110468295985445053e+00,4.360709700789131560e+00,4.861991296561543940e+00,4.706729554102913937e+00,4.600182920442671630e+00,4.581146289238454905e+00
2.300011526592278255e+00,2.870866555686359511e+00,1.156221055423993782e+00,2.315580311920578449e+00,1.899464656228113224e+00,2.148445385094394755e+00,1.598707681428403138e+00,2.173363656799962573e+00
2.101486463299644836e+00,2.141286606425730987e+00,1.542153055367149195e+00,2.248483309305922884e+00,2.293863179380035699e+00,1.982264540878645231e+00,2.311231223223553677e+00,3.105536365686334399e+00
3.684878736567548607e+00,3.901615448373366490e+00,3.188017831970725080e+00,3.434240820536999195e+00,3.267783772304682088e+00,3.589368068052480432e+00,3.552735153672579305e+00,3.387228285216355772e+00
2.591687706663443613e+00,2.849497092819257560e+00,2.140603373890952010e+00,2.600747152642498339e+00,2.690750200931763647e+00,3.097270814141027451e+00,2.765914355406752012e+00,2.108023162736063494e+00
3.578323654225196160e-01,4.680235695527216744e-01,6.424192802926168566e-01,5.691160731352401525e-01,9.670956596020378049e-01,3.674756365303164518e-01,5.362279770075334406e-01,2.767824665634111003e-01
5.589528934773174695e-01,-9.307875084540162547e-02,8.456134935963907084e-01,5.648091290830404843e-01,7.432742235113832807e-01,5.195587456253123460e-01,3.632829463760579580e-01,-4.711768273139179675e-01
2.917149613161971189e+00,2.403495088101701427e+00,2.891601105723057064e+00,3.039012550893784859e+00,2.875208450717634090e+00,2.831454112365275666e+00,2.978544918312555190e+00,2.503704603727685107e+00
3.497620702278851468e+00,2.392979809836603078e+00,2.596321002539297318e+00,3.126968381293216304e+00,2.664274002031965516e+00,2.439215498759586431e+00,2.926932819956417742e+00,3.137573695469816126e+00
1.059239127007747472e+00,9.408104683954398029e-01,1.130905356666106698e+00,9.567765215127114198e-01,1.592519619523074859e+00,8.365958598600889973e-01,1.311786735854155728e+00,4.373535967253411871e-01
2.500802952501247900e-02,-3.686026760811488279e-01,7.471948740532755595e-01,1.585843171278328301e-01,-7.744114180733776553e-01,-7.037591304358388200e-01,3.661640350600899874e-01,-9.232151653222026022e-01
9.205871982760813754e-01,-2.269962718214835751e-01,9.170321623425101709e-01,2.766791521813117827e-01,8.512519408675384147e-01,2.657963046669026830e-01,1.051377635956788126e+00,2.651434611989707535e-01
1.706083506232479952e+00,2.457268930104753446e-01,6.181964147721252800e-01,4.700448998088043728e-01,7.811359577076919525e-01,3.396630149445653002e-01,2.914714566433267429e-01,-4.961045869792809482e-01
-1.101869007811493217e+00,-2.587988682488855385e+00,-1.013066724195731183e+00,-1.934406036058396339e+00,-1.958553983241461349e+00,-1.962441681634114587e+00,-1.974993040687091028e+00,-3.010561454714950624e+00
-4.311506348938987543e+00,-4.836854971613808729e+00,-3.769449072745130636e+00,-4.687106604933201304e+00,-4.747650835463949726e+00,-3.688503474941699167e+00,-4.013575011499854739e+00,-5.066678529507954387e+00
-3.383776343241879481e+00,-3.547319063767862435e+00,-2.702845604497946308e+00,-3.636557983041710518e+00,-3.640001849363860842e+00,-3.498837163947678519e+00,-3.347465392280534857e+00,-4.424073032341707012e+00
-1.836586343336400917e+00,-1.802204287907551938e+00,-1.089865133653810547e+00,-1.687580272568564022e+00,-1.867939056330591319e+00,-1.353755130369119541e+00,-1.810989121511612732e+00,-2.309546661129207479e+00
-1.605165411346939353e+00,-1.242277089423495573e+00,-1.122431815809150191e+00,-1.371562029300711361e+00,-1.682879889059339940e+00,-8.690114421715425808e-01,-1.296936355642594796e+00,-2.521604677995173738e+00
-1.826000423565314446e+00,-2.376108531698693405e+00,-1.714757876586729957e+00,-2.172334192998586211e+00,-2.190090515468112731e+00,-2.173026312344188860e+00,-1.924068554223221206e+00,-2.434429947698727670e+00
7.031174879878182571e-01,3.357097034439380789e-01,5.678100412310355116e-01,8.194249364559971771e-02,-3.931563493105606488e-01,7.161228841506548370e-01,8.825405083280890572e-01,-1.250010750940906412e-01
3.970831841480938262e+00,3.916937467923190308e+00,4.807775672170491177e+00,4.106335727542030689e+00,4.476684678307769616e+00,3.931712549743106244e+00,4.043225619607084376e+00,4.100515415902377114e+00
5.522972301920217930e+00,5.678603720830604829e+00,5.867720104339172238e+00,5.489233806103785973e+00,5.721024534176232912e+00,5.926782010794260813e+00,5.971304471204467390e+00,5.695513043734676373e+00
4.192959643053018937e+00,4.482111899834261060e+00,4.153199092023871053e+00,4.280218217997670216e+00,4.794849206380810358e+00,4.715222853942003134e+00,4.351750108588653632e+00,4.978719147266221334e+00
4.944957862022363315e+00,4.861170537014043447e+00,4.866675228538959175e+00,4.343044465516911146e+00,5.005390917478350410e+00,4.781285784411561046e+00,4.600737688764180433e+00,4.788701101667527382e+00
6.349319485086033055e+00,6.661152151136575661e+00,6.717290559603478428e+00,6.696859856670990929e+00,7.027963241060131594e+00,6.449015434103935185e+00,6.847954918323121198e+00,7.174123713771382249e+00
6.252508264049810194e+00,6.362389838654274321e+00,6.467274703171534078e+00,6.532436620012289197e+00,6.459275837233216855e+00,6.178873713786591892e+00,6.768071669728364270e+00,6.776499868171307561e+00
2.921387744117287966e+00,3.765337864963052006e+00,2.759778054662960667e+00,2.824507824113936749e+00,2.872784956326773553e+00,3.339276762914094032e+00,3.004582179401638520e+00,3.680193190109767976e+00
4.925921095858780685e-01,1.258676593256055520e+00,5.996290427008574841e-01,7.767004160877013508e-01,1.036174803758729501e+00,1.091539266780067852e+00,7.035543485705435529e-01,1.437854077968711453e+00
1.528661004744147345e-02,1.379628627432322396e+00,5.908522739660149181e-01,1.128644586026861019e+00,1.094878057600576327e+00,9.717396557962489911e-01,3.498535371791935966e-01,9.630174666451435384e-01
9.372517138223895872e-02,1.708998799257952950e+00,1.127359433237776543e+00,1.422731342379904396e+00,8.470555602886933322e-01,9.442635489310173824e-01,7.157059545846655713e-01,1.588263692758307366e+00
-1.195119933785685706e+00,-6.965885644334081084e-01,-2.177519288008269882e+00,-8.656895352610033401e-01,-1.854216623485160476e+00,-1.399007919799859279e+00,-1.367066019952315248e+00,-7.572979710764136119e-01
-4.501926416877423343e+00,-3.596849502216552974e+00,-4.322210019991833185e+00,-3.368020464272214021e+00,-3.835228800213269285e+00,-3.364219862919836324e+00,-4.081658651489002310e+00,-3.268956377323115170e+00
-3.814791075495892692e+00,-2.855066910689854964e+00,-3.565409078423874778e+00,-2.731072539224825402e+00,-3.755617918657966570e+00,-2.762221777772031928e+00,-3.467058552728393472e+00,-3.196017947287177030e+00
-1.417423271194796275e+00,-1.765471574643483033e+00,-2.037028904003815644e+00,-1.472511503702464530e+00,-2.196613018503260850e+00,-1.923681360494672976e+00,-2.290048736795813333e+00,-2.090269041424130059e+00
-2.146138918867228629e+00,-2.738594852922395795e+00,-3.142082885009716886e+00,-2.830667344270198171e+00,-3.248165590969954053e+00,-3.067869863832163091e+00,-3.259935108644234969e+00,-2.220500811438647304e+00
-5.887803190520255470e+00,-5.529391801895166658e+00,-6.163210955833228866e+00,-5.271050264890070558e+00,-5.361522313630594283e+00,-5.326129781960091236e+00,-5.097998377875714304e+00,-5.098289464633674051e+00
-6.153705264829151034e+00,-5.409762348306819568e+00,-5.919881935272352180e+00,-5.683052287620946608e+00,-6.285249001877142305e+00,-5.488999556783651812e+00,-6.120699278426795509e+00,-5.936076286718828143e+00
-4.908902479860048018e+00,-4.747500854451018881e+00,-4.605698006531093291e+00,-4.602709312370996564e+00,-5.312665058350935610e+00,-4.519909237389605927e+00,-5.390587771358065439e+00,-4.403595854324846570e+00
-5.393255788451115862e+00,-5.779303803465955625e+00,-5.738011849673595677e+00,-5.958919685419541423e+00,-5.505086081048487401e+00,-6.051373125420318466e+00,-6.040088764563870782e+00,-5.986331125602461611e+00
-8.993475350073754981e+00,-8.081966283644485216e+00,-7.785378503027795105e+00,-8.194140124987853824e+00,-8.765795159660960678e+00,-8.441228477526083296e+00,-9.154289756467029804e+00,-8.704670883271194981e+00
-9.605074849267440484e+00,-9.873381678156714969e+00,-9.206228334006615555e+00,-8.818955767494678355e+00,-9.584716334352174627e+00,-9.394747402229469913e+00,-9.760641930950761491e+00,-9.306577726752424340e+00
-7.098493021401575120e+00,-7.603961613941548237e+00,-6.654184553637789712e+00,-6.709115338203276657e+00,-7.569755179226558717e+00,-6.961131657131064188e+00,-6.812771182774651102e+00,-7.636903747569356860e+00
-5.283822223914307337e+00,-4.864770326954019453e+00,-5.096860948031306293e+00,-4.851204038604411295e+00,-5.688528674180604483e+00,-4.510054527825049675e+00,-5.336649213592801644e+00,-5.442073849028107091e+00
-5.466237293354494930e+00,-5.093630719629200776e+00,-4.935246258314295531e+00,-4.723657919742469957e+00,-6.072106507778695317e+00,-5.451457503696312656e+00,-4.685112290951952474e+00,-5.032005572790445136e+00
-4.223772904888562607e+00,-3.976236473157610085e+00,-4.011306127439596025e+00,-4.246379216182067040e+00,-3.923991440178308476e+00,-4.489485232006633630e+00,-4.154775183521770998e+00,-4.125750314465387092e+00
-4.124687425110866168e-01,-3.979188309956553371e-01,4.106353895709776158e-01,-4.884126641854527606e-01,1.344929117268213459e-01,-2.485662460301709398e-01,-1.079360885754026590e-02,3.742279010470120348e-01
4.112173892341287385e+00,4.044400249980665940e+00,4.111860398659322513e+00,3.818241122816415256e+00,4.160863801791286676e+00,4.090018824795314423e+00,4.318439079535528080e+00,4.529164244953461704e+00
5.273474224982863667e+00,5.712824077184899707e+00,5.332004663708994840e+00,5.099289652634471537e+00,5.375016565222757059e+00,5.210903755253720959e+00,4.450555069116579610e+00,5.361068228291024695e+00
5.483903013142179539e+00,5.350781809458720062e+00,5.285186951945321177e+00,5.283422811796938845e+00,5.730460452567895047e+00,5.122612057094126925e+00,5.355386283372902234e+00,4.708207163238778747e+00
7.165096128574260703e+00,7.050642799024672946e+00,6.955007632754703017e+00,6.859342812359855657e+00,6.992431933739838179e+00,7.233583521525657645e+00,7.206177158070167899e+00,6.971091209520171361e+00
9.672953052248288941e+00,9.090480882186549039e+00,9.331735773498717634e+00,8.395338335460710510e+00,9.509450288028421738e+00,8.586640657552377931e+00,9.902205691363183959e+00,9.693045069762810328e+00
9.001232971891351298e+00,8.321679999640695158e+00,9.036308731945954520e+00,8.005184952696110301e+00,8.530643049949935275e+00,8.718506648036322915e+00,8.964465288366262996e+00,8.112348879716446248e+00
5.958493880073467253e+00,5.075135698274756635e+00,5.508926213393323223e+00,5.470238128411086365e+00,6.622946620418018959e+00,5.582188865752585549e+00,5.605549673924564935e+00,5.629855684763170665e+00
5.116896067661926395e+00,4.933902425830217986e+00,4.842344892297000492e+00,4.645582872442456157e+00,5.441001794373951483e+00,5.083154622824793911e+00,5.462537026951123309e+00,4.857208741558203258e+00
6.059177182065990763e+00,6.149428373592078501e+00,6.166805778416135198e+00,5.850541009495731082e+00,5.515657924405346080e+00,5.550231548181756125e+00,6.063882388267527013e+00,6.153388254200731211e+00
5.536358519800163691e+00,4.876781169008411965e+00,5.676484288414473056e+00,4.917556263639554004e+00,5.160575546906155608e+00,5.441424466963033169e+00,5.354095684851289505e+00,4.959199074096760640e+00
2.801191659576619752e+00,2.547176380064842593e+00,2.878591585396566899e+00,2.647994764081377461e+00,2.983252508011583704e+00,2.938174737774744472e+00,3.124558559818242376e+00,2.351104972991814979e+00
2.063445608193138714e+00,1.231151978195952124e+00,1.174945648104929408e+00,1.617849393348707698e+00,1.746711775875193329e+00,2.070261517613646518e+00,1.890279310607809515e+00,1.418647337787358964e+00
3.456569422435341821e+00,2.677377247777373626e+00,3.628584209480313127e+00,3.154348084623473270e+00,2.918943545740715351e+00,2.654193827519552240e+00,3.853887735153701755e+00,3.007105594999872622e+00
4.743650135174419802e+00,3.500410583308407375e+00,3.504147569484817204e+00,3.211476814641044175e+00,4.445338133775227796e+00,3.671188611555249448e+00,4.053357710295548699e+00,3.448517660313624056e+00
2.305900538136893108e+00,5.060713583079029521e-01,2.393499936416229712e+00,1.035172923570210068e+00,1.603607735123077527e+00,9.982025722040299698e-01,1.679840531905500978e+00,1.505421065554230164e+00
-4.180847792325618761e-01,-1.063627971575516584e+00,-3.047620407888567140e-01,-2.000227731265574516e+00,-7.645002108330313240e-01,-8.876015771870691129e-01,-4.998777776196535183e-01,-1.422651544129124979e+00
-7.715222903629607165e-01,-9.754056979806491334e-01,-1.262734813915644683e-02,-1.265428537695266975e+00,-1.146751642983292463e+00,-7.425081241585134162e-01,-4.364658038102027793e-01,-1.142799853586598413e+00
-8.545943174566261735e-01,-1.138932667993582060e+00,-5.207790505986928942e-01,-1.027971065651463123e+00,-6.973536186428025418e-01,-4.361797563215966678e-01,-4.612495983361396545e-01,-9.898109519773190534e-01
-2.827103091640718269e+00,-4.310925957583707557e+00,-3.353511791570521705e+00,-3.612260222052606107e+00,-3.663467452163404747e+00,-3.477048134217120889e+00,-2.865960955379286634e+00,-3.850242525376222247e+00
-6.332515324715438432e+00,-6.912132560908676560e+00,-6.028238145968288997e+00,-6.250585620669482978e+00,-6.812405690833756466e+00,-6.087918200043666239e+00,-6.260347711671962578e+00,-6.623846807744599552e+00
-6.524000787626519582e+00,-6.325931234695551630e+00,-6.384927361159456360e+00,-6.373061066788719309e+00,-6.737124780202625729e+00,-6.060434162426897586e+00,-6.581160890962366672e+00,-6.981658685905319572e+00
-5.517133434278165716e+00,-5.709436472498166992e+00,-4.880139021802511579e+00,-5.221807157853737280e+00,-5.662188356845444304e+00,-5.182127366593549667e+00,-4.537388859506799932e+00,-4.985939594080955217e+00
-4.558914807507076894e+00,-4.720516220691218123e+00,-4.601902503157617730e+00,-4.264082128119434323e+00,-4.461180968276104331e+00,-4.306459040428488372e+00,-4.759145471552204576e+00,-4.858480893102684384e+00
-5.582890132476239664e+00,-5.793870551447503736e+00,-4.746187435941725319e+00,-5.508785823729237308e+00,-5.690639916723873704e+00,-5.104659766900738305e+00,-5.610929500703082162e+00,-5.522471822144416898e+00
-4.522686198128418766e+00,-3.646342353560460214e+00,-3.874188873392999444e+00,-3.634392653740394330e+00,-3.755866170378320046e+00,-4.007733563671260768e+00,-3.602721155203298498e+00,-4.125475794687328168e+00
-4.828188439564780055e-01,-2.384429893447748416e-01,-4.371396589588277815e-02,-4.250308403220511289e-01,-5.410527296469535008e-01,-5.349523527296398129e-01,1.783343526394705614e-01,-1.090003620174214150e-01
1.999797085949400532e+00,2.352624994308527562e+00,2.076841718367121281e+00,2.129083785891538572e+00,1.838179300534013461e+00,2.290908365665351276e+00,1.918610743611363301e+00,2.866042937453838313e+00
1.443693346664863375e+00,1.933809627753623417e+00,1.703838199828557221e+00,1.480897223800725415e+00,1.343021694031079294e+00,1.107582719427046225e+00,1.276465667893054379e+00,2.333132715529411261e+00
1.309902387044166172e+00,2.341510561273463686e+00,1.115931234349331724e+00,1.626660058045895196e+00,1.801751934936514088e+00,1.387763002744012208e+00,1.830119456089367214e+00,1.914497042020339990e+00
3.266514854357213338e+00,3.718784891824737926e+00,2.417899358882551031e+00,3.540796675411363115e+00,3.705273793385067016e+00,3.389623204427989922e+00,3.566506323050670169e+00,4.252631608497987159e+00
3.979940130309284729e+00,4.761122863459563703e+00,3.716879910306438273e+00,4.307867559150298398e+00,4.351831855422091166e+00,4.480253056579724280e+00,4.234684609925674970e+00,4.286111158932643050e+00
1.710691144826885335e+00,1.924854582148380455e+00,1.627161653687913656e+00,1.684728864141766147e+00,1.827533047911431341e+00,1.815739595342690915e+00,1.717409809527266074e+00,2.441908041945412666e+00
-5.093937030743207472e-01,2.019883987334640807e-01,-1.504379500245310197e+00,-7.678142354535704150e-01,-8.546516788324628466e-01,-6.955266885044588676e-01,-6.435008658301092366e-01,2.593482505114682590e-01
-1.622116231513905493e+00,-2.402296793890400239e-01,-1.133903285397930505e+00,-2.970576908787317949e-01,-4.072288667206817592e-01,-2.762706183645873836e-01,-6.122337273299169880e-01,-2.559089120174980192e-02
-6.891617438955303931e-02,6.554142239966039840e-01,-3.888690493871443388e-01,7.654853761513779054e-01,2.771709909142406891e-01,8.768888625575048668e-01,5.686992951085140247e-02,8.173717895465663075e-01
-1.331601822265913837e+00,-6.572950360972618089e-01,-1.063723089926599696e+00,-8.464539207275849630e-01,-1.247133166281740646e+00,-1.676317883856570656e-01,-1.119505263663103545e+00,-1.615766683531921100e+00
-3.355850497836547319e+00,-3.329660084030175771e+00,-3.290617857810986813e+00,-2.657578675579857830e+00,-2.731508607709978609e+00,-3.472260197418393979e+00,-3.198632601975495149e+00,-3.012314352827131891e+00
-2.955974950177103100e+00,-2.386333432488031647e+00,-2.658078826641229853e+00,-2.504239080837915132e+00,-2.729383296803117975e+00,-2.476431557374058734e+00,-2.872849564778906295e+00,-2.329946722842783924e+00
-1.153127073285128201e+00,-1.589904252096573933e-01,-3.866151104799950278e-01,-6.892368236068664444e-01,-2.206584728199670886e-01,-8.469677651786657879e-01,-3.605614360037169286e-01,-2.198981765059717375e-01
-4.682165038093968334e-01,-5.037882360405165905e-01,-4.642116370216838872e-01,-6.070827223019265029e-01,-8.135519146754046638e-01,-3.099220166322702030e-01,-2.666875566940317688e-01,-1.628407961674457338e-01
-2.119834346189061414e+00,-3.305770374257453792e+00,-2.408470664897747415e+00,-2.665403895457221672e+00,-2.750059198647074599e+00,-3.081403350338447922e+00,-2.492211446049808377e+00,-2.738398631238978975e+00
-3.743817725809668318e+00,-3.625296392936035783e+00,-3.418662761688835428e+00,-3.355052321302101515e+00,-3.564394242388483125e+00,-3.702911658118654525e+00,-3.538567444189177458e+00,-3.518854214190491270e+00
-1.680903428089121965e+00,-2.077970886898707459e+00,-2.334730023648876163e+00,-1.552302951097114914e+00,-2.768209347720155478e+00,-2.328486803928683013e+00,-1.878998404970650959e+00,-2.663832846688576339e+00
-2.097741745937700575e+00,-2.929187322614660971e+00,-1.665097819656566447e+00,-2.330141395742132637e+00,-1.919661239611484715e+00,-2.180254390993638047e+00,-2.107548271375619287e+00,-2.508050882073169063e+00
-4.493884868507936226e+00,-5.137989847418328537e+00,-4.077553701869977232e+00,-4.557651464365314986e+00,-4.872494504933082560e+00,-4.458508019484805907e+00,-4.927916363417988777e+00,-5.404017826182670348e+00
-6.160758266301304964e+00,-5.885491769937665651e+00,-5.188426371303586748e+00,-5.716433749978014234e+00,-5.966341745263467722e+00,-5.705853611011544757e+00,-5.673149159264977648e+00,-7.026302362137338164e+00
-4.129579720302823276e+00,-4.227517095782644674e+00,-3.291322956422212176e+00,-4.016434208449094712e+00,-4.575536462962562112e+00,-3.995142691233907417e+00,-3.976345377800303726e+00,-5.030008731175922065e+00
-1.430703702518952847e+00,-1.980710557787043191e+00,-1.130160036130400947e+00,-1.995454567749550545e+00,-2.157263350552207193e+00,-2.193417732776101303e+00,-1.017206967321418354e+00,-2.061367793473580790e+00
-1.477947101150850706e+00,-1.417743059989589938e+00,-1.797082458000424765e+00,-2.256474542427060470e+00,-2.160990635059120812e+00,-1.475630337643942802e+00,-1.200533466226058055e+00,-2.416134586107883564e+00
-6.886247131103373498e-01,-1.459921030765952477e+00,-1.236749696100063689e+00,-1.673682439354750695e+00,-1.043522341048093827e+00,-1.382557952124243927e+00,-1.014120697360469281e+00,-1.787811643704867004e+00
2.547937381460672501e+00,1.915502370665165932e+00,2.330682423478956267e+00,1.355313078531094506e+00,2.127070213444302915e+00,2.239362650688361267e+00,2.201706718707045596e+00,1.452410203638434982e+00
6.512379246628798413e+00,6.639031306314574721e+00,7.045875964765388133e+00,5.144571212076932909e+00,6.377799904732065706e+00,5.719906008892774452e+00,6.312242538756859034e+00,5.326281130291847354e+00
8.268831403935303470e+00,7.076682337463608974e+00,8.015155320343909651e+00,6.630268931795129106e+00,8.091914167435875882e+00,6.703610180853337930e+00,7.290032237620232003e+00,7.587133853608136747e+00
7.378129483345356121e+00,6.397986721716544700e+00,7.339796839156971231e+00,5.970068688978863669e+00,7.587344073783669707e+00,6.618365740028385069e+00,6.557183034088403417e+00,6.233481378699842423e+00
8.490733972367969784e+00,7.811280452550995790e+00,7.832699044211972605e+00,7.459458279758535149e+00,8.522865720031573389e+00,8.026367513008350940e+00,7.829504888598493473e+00,7.787470062245169800e+00
1.007499894409851393e+01,9.836509543188002525e+00,9.574926877389696500e+00,9.479267838676490143e+00,9.843567351977000612e+00,9.688636724308469894e+00,1.004314651713071349e+01,9.923125777219139465e+00
9.495275280793219252e+00,8.994363584399650335e+00,9.378168694224365609e+00,8.502450362536901451e+00,9.421268179831399081e+00,9.025024912461269366e+00,8.801480483931717558e+00,9.373283482875267580e+00
5.985151905496143954e+00,5.711277111870126433e+00,5.540817013636847754e+00,5.616829196269291558e+00,6.084108677330342552e+00,5.701587697993531378e+00,6.059776773479660150e+00,5.847823884912520143e+00
4.463036056478110858e+00,4.822916813329012342e+00,3.799594559193180565e+00,3.313120585701672116e+00,4.593910504290396268e+00,4.614858799509617526e+00,4.182786812015602429e+00,3.519294130269502219e+00
4.165694351449832133e+00,4.682991676952804383e+00,4.232728463339847202e+00,4.246576596542060322e+00,4.776997709103488532e+00,4.250694965814910020e+00,4.585496035118768354e+00,4.209163018634923148e+00
4.253542311157710643e+00,3.916833972967795230e+00,4.298869835881134804e+00,4.129091318931095600e+00,3.782647835454144847e+00,3.907462535521479374e+00,3.960391384176308538e+00,3.745213576619779161e+00
1.146515120722531922e+00,1.594805844853451671e+00,9.614380089582321709e-01,1.492257596601193725e+00,1.281398812481238325e+00,1.488081884124245580e+00,1.217775194428318608e+00,9.403988837281236357e-01
-4.713744951697125818e-01,-7.848184050600425232e-01,-1.623591429871189540e+00,-1.000290722511950614e+00,-1.199448300064953621e+00,-1.308723785868125988e+00,-2.396810927008811154e-01,-5.471029128538079656e-01
2.252606966193570481e-01,-7.586443389537335380e-02,1.513333942987195868e-01,3.155564581582315786e-01,-1.594694642094990344e-02,3.823771996143788821e-01,1.986435844471594325e-01,-3.640808334417670045e-01
1.368942470503944353e+00,9.207567211659827278e-01,6.821099823682224006e-01,3.316690215505077033e-01,2.546028481531589227e-01,9.391755131672893109e-01,5.887590080685897176e-01,9.284142722475295928e-01
-9.844780306322902241e-01,-1.707591434638879413e+00,-1.055057892514618123e+00,-1.619064569459903513e+00,-1.179373828369023158e+00,-1.047302303755507147e+00,-1.340733675251129409e+00,-1.124837821109075930e+00
-4.490449285128283563e+00,-4.030731426213163715e+00,-3.847007619396831668e+00,-3.796498189028930437e+00,-4.086412777732999047e+00,-3.957645709224955510e+00,-4.167402464328329614e+00,-3.681704449664073842e+00
-4.539271390253832195e+00,-4.011052193516955633e+00,-4.349273046785838481e+00,-3.893542213027983312e+00,-4.153417578574488900e+00,-4.607912799517338343e+00,-4.880510631286533396e+00,-4.489430567856715015e+00
-4.517763033878170909e+00,-3.990110188042868433e+00,-3.634023289951932245e+00,-3.722563787880396990e+00,-4.121288409353526916e+00,-4.406473472552068671e+00,-4.487809787276157536e+00,-3.833343285026801439e+00
-6.349863005195972576e+00,-6.133859848871484388e+00,-6.330874856412831875e+00,-5.707000501398294290e+00,-6.512149394880361264e+00,-6.004714435658113025e+00,-5.919916105063334655e+00,-6.117430807699274276e+00
-9.021943006052286051e+00,-9.304509786111839986e+00,-9.296600596695547836e+00,-9.432169273367682294e+00,-9.384550887703905886e+00,-9.377496745738771011e+00,-9.559077580649304906e+00,-9.173818831870717005e+00
-9.972710086889710723e+00,-9.827914226374964812e+00,-9.634675392801113958e+00,-9.905674404265347732e+00,-1.068938472037189058e+01,-9.494507490300842178e+00,-1.038587053869120069e+01,-1.039039256764842811e+01
-8.452016647902620861e+00,-7.759130336491337765e+00,-8.133260863480209935e+00,-7.245499455102035746e+00,-8.582004740295161582e+00,-7.395547757358786001e+00,-8.104214724543941983e+00,-8.745391288170146993e+00
-7.550546745655891456e+00,-6.750693510629480087e+00,-7.486619703338355691e+00,-6.391615006080057171e+00,-7.140498925091334215e+00,-6.185530951473751315e+00,-7.043476276309545092e+00,-6.771876764586665765e+00
-7.735816418221938662e+00,-6.865930272568236958e+00,-7.370558956252565075e+00,-7.200723138941790502e+00,-8.331933822128609890e+00,-7.072762306892628636e+00,-8.182950325968164407e+00,-7.176944978317306933e+00
-6.745621287764318907e+00,-6.345770379111827175e+00,-5.949376172310330446e+00,-5.642893442165108020e+00,-6.278832082208019472e+00,-5.654855035758256321e+00,-6.275349769584667392e+00,-5.720795736181906399e+00
-2.396055897986618888e+00,-1.459535952411848303e+00,-2.200080697007718911e+00,-1.642884392094362322e+00,-2.339726396844909573e+00,-1.979985634853267396e+00,-1.866561588016390605e+00,-1.763938833424540720e+00
1.301921036198610215e+00,1.486580906774964461e+00,5.428165060741938497e-01,1.803756832200853477e+00,1.444714002423004962e+00,1.223187211622799975e+00,1.362834560097295089e+00,2.300691528274900755e+00
1.999337284579331575e+00,2.088675837985355610e+00,1.709466304022065675e+00,1.832678074427757764e+00,1.577614019668095224e+00,1.836067749982200681e+00,2.306653259768276953e+00,2.197002880932954927e+00
2.003345522595966877e+00,1.766205659364806335e+00,1.103193217204173404e+00,2.213787434453266201e+00,2.235084477314829066e+00,1.678508564228849531e+00,2.170604212635859120e+00,2.640236971716479086e+00
3.341856016016459208e+00,4.707135046096492914e+00,3.855363484301201904e+00,4.011805529553325478e+00,4.355726073324142078e+00,4.074168164027200056e+00,4.454865077512473626e+00,4.882845787643803170e+00
5.936198731799184891e+00,6.522145339213667015e+00,5.284966594408539997e+00,5.809670435581624659e+00,6.610376986217739947e+00,5.532606372293455088e+00,6.714993753588582415e+00,6.987563374120433934e+00
4.497097636729252557e+00,5.103437200998228285e+00,3.826798993021727657e+00,4.854901521762539751e+00,4.833968783054039875e+00,4.290978993799718921e+00,4.784639448380774596e+00,4.930436421526579238e+00
2.123351264612756584e+00,1.911364260086938716e+00,1.577549153636280455e+00,1.835936329728786953e+00,2.117569890002333199e+00,2.348017499683294318e+00,2.179857752993553444e+00,2.250736548452581864e+00
2.424914736693782658e+00,2.549315879112214134e+00,1.623808163095369350e+00,2.960150926674744998e+00,2.184856898116374069e+00,2.417712568831155817e+00,2.397866944256402899e+00,1.814754002540863942e+00
2.664687821293298953e+00,3.709610130927746940e+00,2.869844912413101135e+00,3.565094980399394764e+00,3.144480518406458813e+00,3.204820341973849462e+00,3.287921998606375240e+00,3.934867572401884672e+00
2.460708382881096501e+00,2.347519730864178200e+00,2.644348533120655098e+00,2.847410622203602415e+00,2.945333260198415015e+00,3.001024279297716202e+00,2.815486649995034174e+00,2.801744577821625892e+00
7.438870457617593468e-01,5.843791679585905730e-01,3.192160477185162493e-01,6.811826265974628702e-01,8.305313337653051908e-01,4.557446876838395777e-01,4.590189814639611399e-01,5.874658413361746323e-01
1.516322187052684956e-01,5.585906537970465324e-01,8.671527659177273861e-01,9.628739487724116142e-01,1.342430164005793625e+00,5.259588101683760897e-01,7.511045098553384980e-01,1.294496411522553236e+00
3.287185290196624088e+00,2.621787023313514542e+00,2.937892962527317131e+00,2.658225028576048921e+00,2.518134796163832068e+00,2.996117487447082173e+00,2.564658318296746398e+00,2.528941812346694462e+00
3.555155678552941900e+00,2.913973190512946232e+00,3.306187800454130965e+00,2.363625461052588861e+00,3.115297081446974037e+00,3.262262007691713706e+00,3.072181265708928688e+00,2.503941845856345605e+00
1.638530744430731323e+00,7.379901226967748862e-01,1.254549900329914758e+00,1.085020651998163776e+00,8.687235112428591810e-01,1.092628384988320933e+00,1.282259950170987262e+00,6.520812370780278977e-01
-1.734220034198686033e-01,-3.815570555469745551e-01,-3.129107632277614015e-01,-8.702383151637378411e-01,-3.532129144514283836e-01,-2.334611734467806343e-03,-2.974848156168978797e-01,-1.074432711301327004e+00
1.096247806224278865e+00,3.798871979407321686e-01,1.168213453611075314e+00,1.540381310027585104e-01,5.071908569232705943e-01,9.478145967847736997e-02,2.746484864848053320e-02,-1.307133037865268466e-01
1.271382761769059844e+00,-7.049808158800873192e-01,1.107063117535459718e+00,-5.912434523724652280e-02,4.586603445847375338e-01,1.943890893584130919e-01,3.063427630509381605e-01,-9.181682835179673374e-02
-1.595058985154836684e+00,-2.465602792337757698e+00,-2.095299599107860011e+00,-1.987749952917712726e+00,-1.805856030714948268e+00,-2.220365744264870322e+00,-2.158151570022530663e+00,-2.790197408375194588e+00
-3.985213075961718587e+00,-4.697704860835942853e+00,-3.934170212039038272e+00,-4.579829098676976962e+00,-4.676249252317854044e+00,-4.341941957090484472e+00,-4.404901805500633927e+00,-5.416228726599866761e+00
-3.216458362992722808e+00,-4.305297046745678813e+00,-3.304637959961862936e+00,-3.473336600718156308e+00,-3.389626588442617994e+00,-4.108025606056796342e+00,-3.202053816832754141e+00,-3.720622091000088449e+00
-1.656557322207101723e+00,-1.762387891884822810e+00,-7.002494585684093664e-01,-1.620959194169085960e+00,-1.565113277044796414e+00,-1.503496904106381926e+00,-1.325485751905382870e+00,-2.131732178555601376e+00
-1.472211911230094650e+00,-1.389544170279743085e+00,-1.770833140240887005e+00,-9.883423819459171700e-01,-1.695200736480709125e+00,-1.630806587262843665e+00,-1.092947329574977866e+00,-2.210121192583387018e+00
-1.966438684378060131e+00,-2.557409145964931074e+00,-2.256065890821238984e+00,-1.525403734288489854e+00,-2.209609829969522377e+00,-1.772893708613021868e+00,-1.695222938805736712e+00,-2.271432644620390739e+00
4.563795610274256065e-01,1.368290853085800118e-01,6.915544405864718636e-01,5.442941706775526745e-02,9.464271302806023245e-01,2.774460931750012405e-01,6.298137726017793980e-01,6.108903291475389907e-02
4.489504266877079708e+00,3.612966400846894910e+00,4.531575484842822021e+00,3.799292654908119182e+00,3.895046837789739147e+00,3.749906659424143474e+00,4.301713087830027149e+00,4.018465487455051388e+00
5.401655409347050352e+00,5.238296710803448164e+00,5.352923321933739764e+00,5.118255694587704241e+00,5.834736634231580510e+00,5.569201396643669533e+00,5.683807248333954121e+00,5.840892615420651524e+00
4.799643642878790750e+00,5.059477287284304126e+00,4.437675140534910412e+00,4.660536406360932027e+00,4.715223605158889164e+00,4.707141434405288649e+00,5.061682152213991870e+00,4.956892548645059016e+00
5.438194302483443821e+00,4.713270842245886882e+00,4.917547392921201244e+00,4.445367033480282615e+00,5.709175311913586626e+00,4.458589538699328614e+00,5.184964315655081535e+00,5.423659745123954323e+00
6.444967340000177458e+00,6.834465561629490260e+00,5.676716390088965447e+00,6.229876254781371969e+00,7.186473266789907832e+00,6.320797362055231794e+00,6.744284940646518400e+00,7.252279938541297710e+00
6.164665087072553895e+00,6.051841538289731481e+00,5.548106355859040661e+00,6.593847124838836393e+00,6.523897775069232630e+00,5.698477189620978045e+00,6.824273996804212317e+00,6.924575409222499367e+00
3.245137835116962410e+00,4.125408673007028071e+00,2.803539529325516533e+00,3.144895141007594486e+00,3.703116121898393232e+00,2.989341305614041211e+00,2.588063524472974830e+00,3.664054334355856923e+00
7.741864330072427691e-01,1.244397625474497504e+00,7.151128789831590060e-01,8.593200874256270438e-01,9.913445791792157014e-01,5.995899609469885760e-01,6.091921743832370284e-01,1.582494105487643132e+00
5.460329441226376979e-01,1.146812266165581073e+00,1.818105276506378210e-01,6.045967129685382302e-01,7.841597296211165746e-01,9.979229380770624491e-01,6.725901495424042587e-01,1.035477671668191935e+00
9.325269221306133893e-01,1.420573056082607311e+00,3.858852396673856933e-01,1.400339530780525976e+00,1.134394372860414890e+00,7.556355866416101241e-01,1.115876765720760888e+00,1.300302474348789428e+00
-1.576855872624111088e+00,-1.554337833488538712e+00,-1.612381985364406134e+00,-5.564599019882700004e-01,-1.393054143596730521e+00,-1.477808755661155660e+00,-1.146724356554218005e+00,-1.066468037666518320e+00
-3.863153622428202372e+00,-3.129606872736022005e+00,-3.537924427088269486e+00,-3.236824652784925149e+00,-3.797199848314276593e+00,-4.029562051469539163e+00,-4.386224912811244714e+00,-3.677659064211524775e+00
-3.319520451562220753e+00,-3.064178038868985432e+00,-3.646627905830330363e+00,-2.468107048368237688e+00,-3.328834121536536017e+00,-3.078436044742554945e+00,-2.968997988700417423e+00,-3.144178419650346168e+00
-1.270201399587368662e+00,-1.639612222380549600e+00,-1.895013276112217371e+00,-1.745583185269110604e+00,-1.759127491717067837e+00,-1.595821827988690433e+00,-2.302543673114880285e+00,-1.540536673997008554e+00
-3.079207576299121119e+00,-2.893098132246360699e+00,-2.328460093677741316e+00,-2.557614553207524288e+00,-2.954139911570922816e+00,-2.746583902071923156e+00,-3.407792158224958179e+00,-2.691816341669265977e+00
-6.137389889492608219e+00,-5.523662387983184097e+00,-5.791068086688533789e+00,-5.475618924888512318e+00,-5.596976034990555071e+00,-5.436229118288648188e+00,-5.695717363438226322e+00,-5.569144151524658248e+00
-5.561954269337685552e+00,-5.687382257559198351e+00,-5.481197771989352319e+00,-5.757079307287469305e+00,-6.368770491542421475e+00,-6.409581075161335129e+00,-6.238038687581798136e+00,-5.907965570228258301e+00
-5.148678974429325095e+00,-4.779838244522718327e+00,-5.022000084149518706e+00,-4.360642094159747906e+00,-4.670175262589326692e+00,-5.049692429051305886e+00,-5.557420625278027160e+00,-4.675797662061235371e+00
-5.879500948469911670e+00,-5.518370622613747223e+00,-5.559303585890905453e+00,-5.362701630155538801e+00,-6.406619818676454692e+00,-5.798009463461919921e+00,-5.750693787540733126e+00,-5.348080386094568262e+00
-8.304553021087141218e+00,-8.442690262047086946e+00,-8.438778572306626202e+00,-8.498687431289411620e+00,-8.743243043153666960e+00,-8.482994280404732024e+00,-8.471240742699096771e+00,-8.411106905249836174e+00
-1.001216935780251127e+01,-9.068237111894960734e+00,-9.497644558031769435e+00,-9.230326195082772855e+00,-9.782486910185079765e+00,-9.093071970425691930e+00,-9.140181544459624163e+00,-1.024390518555862073e+01
-7.707188458451973645e+00,-7.125385458659507343e+00,-7.336423848490546185e+00,-7.039053520078830672e+00,-6.930980774829171409e+00,-6.453215488845214232e+00,-7.350909703421979025e+00,-7.110431783657729099e+00
-5.894635427389946614e+00,-4.434602371097084550e+00,-5.092362762574166979e+00,-4.629721122969056246e+00,-5.780661935056720324e+00,-4.747748662830272082e+00,-5.305779300768551643e+00,-5.576675111914699556e+00
-5.591631358993069512e+00,-5.582150378993539164e+00,-4.884506652833445983e+00,-4.250886970286822830e+00,-5.636763554301627899e+00,-5.320932643015993335e+00,-5.261459493253084929e+00,-5.222822705558102463e+00
-4.051735033728737889e+00,-3.673089166167026409e+00,-4.133999454576297694e+00,-3.513954586867492402e+00,-4.505559018734010657e+00,-3.800304781433668122e+00,-3.619772199532498735e+00,-4.193324115315003375e+00
1.572563528435423630e-01,4.103722352160060760e-01,2.103394761967979087e-02,-5.687955597440988997e-01,9.703951528489210276e-02,1.920907102994385551e-01,-8.502734347902520806e-01,-5.780628782634012613e-02
4.266508269332305758e+00,3.795722721446150416e+00,4.266430813506967290e+00,4.349014841488402006e+00,3.802698401884772927e+00,3.762005402137097221e+00,3.839087527276212164e+00,4.158412819163075369e+00
4.929560706817859739e+00,5.780553337231311595e+00,4.891682819378492475e+00,5.150975456088350057e+00,5.272626027346324129e+00,5.279337085852148448e+00,5.253993596619960016e+00,5.352019435483625465e+00
4.721221015264511323e+00,5.402169008403558514e+00,5.397194824374186517e+00,4.313566916292321807e+00,4.863907427033295150e+00,4.943264535852089026e+00,4.968233415802180808e+00,5.812551067773071622e+00
7.348000369837047074e+00,7.291072537528668462e+00,7.287296199310790534e+00,6.533743855618252105e+00,7.530971361902187411e+00,6.457891853551987360e+00,7.143376997307085752e+00,7.296924841959202546e+00
9.389958685393242632e+00,9.230603711325784388e+00,9.991328967446435172e+00,9.164474186870100070e+00,9.536350229867677442e+00,9.252127153213692168e+00,9.418571362397660351e+00,9.789705676001819512e+00
8.835233958060463522e+00,8.374884007735989400e+00,8.253161600918849317e+00,8.240025177789657818e+00,8.425116885638214370e+00,8.427094233613077634e+00,8.477755637479514661e+00,8.859396065555804611e+00
6.122451169639353985e+00,5.651072416922926500e+00,5.452620755521564888e+00,5.000519298370281085e+00,6.417176656564259396e+00,5.607514173010774705e+00,5.964997857419453098e+00,5.927977125614396492e+00
5.052841574759775689e+00,4.973769478449734827e+00,4.947195185913156656e+00,4.775528184104247842e+00,4.786005065302487260e+00,4.852470404388353309e+00,5.278340224690200699e+00,4.219678911412596989e+00
6.271270503405461660e+00,6.316139323557766971e+00,6.035203343829016021e+00,5.047499464788765877e+00,6.415548823754495977e+00,5.731533532544253795e+00,6.071696812432598733e+00,6.047506842320836462e+00
5.605096614107303310e+00,5.403861232518066160e+00,5.173882158118217944e+00,5.125824294850660934e+00,5.404391787701849914e+00,5.622976608999488590e+00,5.489473232549525683e+00,4.994334594792453785e+00
3.176678481319932690e+00,2.472168360815716337e+00,2.754127857001761992e+00,2.969898868636186240e+00,3.503427623387475265e+00,2.854258316245378069e+00,3.015698109560736917e+00,2.758869470039201133e+00
1.757095350830165437e+00,1.825719486581452333e+00,2.052301510457535283e+00,1.497270809087245746e+00,2.113309001174746182e+00,1.773470859548569978e+00,1.948879213313260195e+00,1.142621217763865715e+00
3.431871977809834995e+00,3.243327830138321488e+00,3.225298091665260269e+00,2.756965533643672472e+00,3.013843846901455681e+00,3.236912791630425001e+00,2.870252271344699402e+00,2.546309491065747110e+00
4.174732471492362151e+00,3.680763953796211130e+00,4.046829650667260303e+00,3.719996140756622882e+00,3.586784696817025164e+00,3.315587162666917997e+00,4.089637277136605853e+00,4.087708329581849043e+00
2.080052610019512915e+00,1.355041676761910230e+00,1.979396597344356579e+00,1.431145528269023082e+00,1.691503322495566897e+00,1.055488252982026420e+00,1.482842486805629578e+00,9.035456408370223791e-01
-6.519610966668526464e-01,-1.329187542129947053e+00,-5.682259670012856922e-02,-7.960705193834574089e-01,-9.856585469049760073e-01,-1.702233728334383134e+00,-3.916113800329385497e-01,-8.390764025050265751e-01
-3.862549507349537503e-01,-1.480258969099983890e+00,-4.939091389546712563e-01,-8.166872188880733852e-01,-9.899499103200957162e-01,-8.062504075482845867e-01,-5.870112465453302120e-01,-1.143322037169413496e+00
-6.006225134362488394e-01,-1.324059920774774302e+00,-8.028610477536121115e-01,-5.462341595790374260e-01,-5.323642042646086203e-01,-1.185993836198084406e+00,-3.453112053594656894e-01,-1.249410782559510880e+00
-3.219708627765809794e+00,-4.057352379125694242e+00,-3.462738789835961839e+00,-3.086512302371103633e+00,-3.773944285879781368e+00,-3.276768384955904168e+00,-3.595101135338236276e+00,-3.743621347703522506e+00
-6.162484379652317656e+00,-6.542122389644138281e+00,-6.484288381222438780e+00,-6.220610671004301651e+00,-6.700014607068831118e+00,-6.254789678268402042e+00,-6.554368427902289795e+00,-7.266088137671943947e+00
-7.265961919960345128e+00,-6.720836449894438402e+00,-6.768796644632690374e+00,-6.329424737246094779e+00,-6.634037030054610540e+00,-6.287998787002357481e+00,-7.004193876617697434e+00,-7.030472562160891670e+00
-5.382699336608291141e+00,-5.008034499638460701e+00,-4.779060001541289182e+00,-4.615220910309629332e+00,-4.930753840811628486e+00,-5.050358349787682499e+00,-5.120697840811959445e+00,-5.547415402195379208e+00
-5.281801971207385371e+00,-5.502944844336691510e+00,-4.983964933456737967e+00,-4.692445006827888676e+00,-4.988173126487606801e+00,-4.509711001900240213e+00,-4.356245002174993886e+00,-5.035345263811535688e+00
-6.419301069894969736e+00,-5.814065558815507906e+00,-5.787244691497697602e+00,-5.516882037138405970e+00,-5.832028445396761462e+00,-4.891129016798377194e+00,-5.174656282229663340e+00,-5.357803324399641021e+00
-4.393036324850720931e+00,-3.551461248615053190e+00,-4.356772303098422228e+00,-3.864703686078199141e+00,-4.661794071768821546e+00,-3.415821243759823655e+00,-4.463634218833802514e+00,-3.859501064665321390e+00
-1.165312318032716565e-01,-2.352966037207746552e-01,-4.907159059093746944e-01,3.196018187718221992e-02,-5.353003004609691029e-01,1.244766487358815454e-01,-4.457261862423828047e-01,-3.644200001243146914e-01
1.835216704727622661e+00,2.339616291384848168e+00,2.220411950358004649e+00,2.552325603733490933e+00,2.210636605714839664e+00,2.109269580478057904e+00,1.898204784081127139e+00,2.754170431549313403e+00
1.487290331740689142e+00,1.346965873010462111e+00,1.458583833502196336e+00,1.553307054104164919e+00,1.650227103828497022e+00,1.165903451040902761e+00,1.588212833627816956e+00,2.140349653600714053e+00
1.724318991798453604e+00,2.222254454062211337e+00,1.177791560802338600e+00,1.836772379824077817e+00,1.749140756706914823e+00,1.656854920714582402e+00,8.632243269658540497e-01,2.058731011364243635e+00
3.695867174457363014e+00,3.736459176910996494e+00,2.896019867010942050e+00,3.827182189045645888e+00,3.997254885699863536e+00,3.354254053144988035e+00,2.845480791217626759e+00,4.422375472274269192e+00
4.034791963353525190e+00,4.735321671517855435e+00,3.643485953221353046e+00,4.314982772350109741e+00,4.134958468472777149e+00,4.433750123650391117e+00,4.286898076828201454e+00,4.948081923900187640e+00
2.070998158067031802e+00,3.068105163451181117e+00,1.481964881674615597e+00,2.324017621766157671e+00,2.060899715107287644e+00,1.813876026740879555e+00,1.229260051908938056e+00,2.264391689083592230e+00
-9.232032974420616434e-01,2.997963599221371012e-01,-1.038188659705126859e+00,-3.977102589327421445e-01,-4.180595088898708123e-01,-5.420315157081041502e-01,-8.770490612861735480e-01,5.253828609603506949e-01
-1.103338166382814789e+00,-1.040467113538071919e-01,-1.353278752081369829e+00,2.747491590724194799e-01,-6.039316778518999396e-01,-2.567010539706513494e-01,-5.570936467960133642e-01,6.766552544240503689e-03
-1.761812006963251742e-01,6.456744177617625979e-01,-1.703938998022369311e-01,9.587223428099774791e-01,8.462901589689879600e-01,6.488551467196812528e-01,3.808711743626284618e-01,7.575824273020340671e-01
-1.828716502447025549e+00,-7.482842010982282410e-01,-2.123817736078320362e+00,-1.021124662974227215e+00,-7.688750280901880396e-01,-7.057499742433974710e-01,-1.200733390902295028e+00,-8.323838610949046979e-01
-3.711088850862788391e+00,-2.707825305885271927e+00,-3.451940827181795068e+00,-2.796684859107556154e+00,-3.108595455422847209e+00,-3.193774332842243879e+00,-3.387986831381649910e+00,-2.540648545549022863e+00
-2.951805582202996714e+00,-2.486531681441920494e+00,-2.624896240246764823e+00,-1.926039156527193263e+00,-2.166416059546670603e+00,-2.974019498343040802e+00,-2.506859786787842381e+00,-2.588891942433508842e+00
-3.850350327280003260e-01,-5.678035505882325085e-01,-6.571160924805752312e-01,-4.541023165370534076e-01,-1.051339936881117154e+00,-3.357174533846973841e-02,-5.461473646768744139e-01,-8.229790967689836201e-01
-5.038419957382267445e-02,-1.515140078769813825e-01,9.192123758599912708e-02,-3.893393253770228157e-01,-6.558941442022897528e-01,1.312108611127248414e-01,-8.474422609727557676e-01,-6.551508081365376990e-01
-3.052693865051384403e+00,-2.863364072537139648e+00,-2.732109083886771206e+00,-2.569398195030397680e+00,-2.713590993106406390e+00,-2.665613772784917845e+00,-2.771863885141714334e+00,-2.277288925570465139e+00
-3.165811063856838636e+00,-2.898276876725927931e+00,-2.997875262938150875e+00,-3.763504606698845567e+00,-3.822117951549745651e+00,-3.897714821082978620e+00,-3.340742221828109315e+00,-3.219517821966096705e+00
-2.252215013945905397e+00,-2.273356788666970107e+00,-1.689544854023560250e+00,-1.962604305931068049e+00,-2.168708292319465158e+00,-2.383664081262415024e+00,-1.590273683791815662e+00,-2.340702313663639789e+00
-1.856775052461923980e+00,-1.830195174557520232e+00,-1.740211458993146998e+00,-2.547619139351543716e+00,-2.680137479627074271e+00,-2.004659438662454107e+00,-1.895039590126208262e+00,-2.034717877829119281e+00
-4.514813559965675793e+00,-4.708364216459899332e+00,-4.209047429153121911e+00,-4.723295097808685838e+00,-4.624781227341157930e+00,-4.153132615038105158e+00,-4.192825513062094167e+00,-4.801162638816841799e+00
-6.394160460844401150e+00,-5.859566679187305560e+00,-5.519074232828379500e+00,-5.521554043775601883e+00,-5.872916780714704466e+00,-6.214831219456674383e+00,-6.058150191704210208e+00,-6.551918135286115330e+00
-3.750753771125552749e+00,-4.525929041497188443e+00,-3.508336078207849429e+00,-3.902380433596381870e+00,-4.268227825885634985e+00,-4.030712273633782594e+00,-4.177439741963928199e+00,-4.754227876673111197e+00
-2.002217294771290401e+00,-2.360429799201324119e+00,-1.187838710747691096e+00,-1.936612466276942390e+00,-2.663649380597793659e+00,-1.735670806710767122e+00,-1.865885365786138284e+00,-2.415177946231173767e+00
-1.812913745259250753e+00,-1.837679715772107425e+00,-1.498350453363527679e+00,-1.657759083150248447e+00,-2.190972983431948240e+00,-1.434592647351256467e+00,-1.680786519201095786e+00,-2.584532310553068868e+00
-1.529243918120157364e+00,-1.303920891578149055e+00,-8.864753639635745142e-01,-1.538459745965318648e+00,-1.244908884913092040e+00,-1.469750681345381338e+00,-1.529873231781623932e+00,-1.852423332958998525e+00
1.998428831761038582e+00,1.730212918135290323e+00,1.976052050834446128e+00,1.681197353051921972e+00,2.040007002262752778e+00,1.421697806287312238e+00,2.506735656287577108e+00,1.699013088381782444e+00
6.509020375158347527e+00,5.439889647623916247e+00,6.516091197260555745e+00,5.859598774430061496e+00,5.459483061419997618e+00,6.118586910572577864e+00,6.528131353567039774e+00,5.357356564544797806e+00
7.688877743803938181e+00,6.732746195003853629e+00,7.342528102081534946e+00,6.650762262098463218e+00,8.057308038464746858e+00,7.521731388609905089e+00,7.499435700319605935e+00,7.249503819358745993e+00
7.345030136408587929e+00,6.209210630146198007e+00,7.331175671383875603e+00,6.296297126875185945e+00,7.281438636590086944e+00,6.603796102309736682e+00,7.271392396952509607e+00,6.794223965046787050e+00
8.350914075507484213e+00,7.152654899195025173e+00,8.612227694094709562e+00,7.190641857788636848e+00,8.047540559990656206e+00,7.759153733914981643e+00,8.158142370224094719e+00,8.262328271270744651e+00
1.056016872681735386e+01,9.737657842205438286e+00,9.803261600344795212e+00,8.823259275072105723e+00,1.056857223535821966e+01,9.498006714495515368e+00,1.027341001686123612e+01,9.386161143330827628e+00
9.372475690776211010e+00,9.489891378495990182e+00,8.483733281967239748e+00,8.497477422536443115e+00,9.426709911814402432e+00,8.831194013795428788e+00,9.029850130336791736e+00,9.189684783935263113e+00
5.751321707432659913e+00,6.016971481659285637e+00,5.706593512933861412e+00,6.165359719557522489e+00,6.178739482852634524e+00,6.270619507455074348e+00,6.179374989202405466e+00,5.921238372061956134e+00
4.486327601071318227e+00,3.451839059500699136e+00,4.240688004774129993e+00,3.986010378711067226e+00,4.483156191506937560e+00,4.203777613849772443e+00,4.239659163581258383e+00,4.358703864362544422e+00
4.419738986755140431e+00,4.527710497736059381e+00,4.433084884148023264e+00,3.997802091176479333e+00,5.260113664351186102e+00,4.706686324100933128e+00,4.837216631047926541e+00,4.436427035526110174e+00
4.353214941805617855e+00,4.087679888398625394e+00,3.895670288746795773e+00,3.547290435965862798e+00,4.686877718935180681e+00,4.575715357208328449e+00,3.970377183278102962e+00,4.508669366601379735e+00
1.318723571928843041e+00,1.948826379237223794e+00,1.370447706632611506e+00,1.211127059683808849e+00,1.445935526055858844e+00,1.000618925003486703e+00,5.702501215180408867e-01,1.370990946846584180e+00
-8.620898822709043285e-01,-1.189216233467496942e+00,-7.464805065248728555e-01,-3.180206380516006348e-01,-6.124989016942133935e-01,-9.175254593499044820e-01,-1.081359156442905922e+00,-9.611873881729351421e-01
1.046327682137346143e-01,-1.172032807799072845e-01,3.653175562351849148e-01,-5.602744044145502311e-02,2.374496796252968112e-01,4.738000465025916236e-02,-1.831439571342346681e-02,7.189760896753667752e-02
1.408052391247769819e+00,1.263830663754988315e+00,1.167643641293469869e+00,1.178476464025737469e+00,3.741194967384900982e-01,5.826236075736924702e-01,7.760145087890131244e-01,7.318998471052269306e-01
-5.806162792578407617e-01,-1.185033251765491125e+00,-6.113370640249369270e-01,-1.139196998471249556e+00,-1.144777575238896450e+00,-1.082130664717187774e+00,-8.151049019551289687e-01,-9.145081051274057682e-01
-3.998022867892489618e+00,-3.967525665333405005e+00,-3.713357383972329728e+00,-3.868021611366542434e+00,-4.420023605986293624e+00,-4.181300579081060675e+00,-3.984084531435233334e+00,-4.369500286892896490e+00
-4.471128260389283682e+00,-4.550563304729354996e+00,-3.995584027592355092e+00,-4.795594734388363811e+00,-4.630258706539614799e+00,-4.857335586529620386e+00,-4.625664917395075015e+00,-4.696599799307073830e+00
-3.843288828859763751e+00,-4.030980425104841558e+00,-3.963263586413034556e+00,-3.589336507810541921e+00,-4.443890684484886222e+00,-4.067797356949102827e+00,-4.266788104987389474e+00,-3.933975599619548458e+00
-6.448077362316226413e+00,-5.787713358652820439e+00,-6.051453636374653833e+00,-5.795377396620111199e+00,-6.234912619999279926e+00,-5.911590172048525993e+00,-5.891818296510375141e+00,-5.698037831653890883e+00
-9.375390424249824051e+00,-9.395224097651194484e+00,-8.629466037083545871e+00,-8.514686413327742898e+00,-9.594540876184309397e+00,-8.804521233344075881e+00,-9.610175403041489872e+00,-9.964727168687915082e+00
-1.017172908454526592e+01,-9.441394660699058861e+00,-9.775025363839610293e+00,-9.543191282048223201e+00,-1.119199463733481537e+01,-9.522411812379614204e+00,-1.009954675890420717e+01,-9.527168876677219345e+00
-8.148165055891810837e+00,-8.094842438142746843e+00,-7.707571261118268957e+00,-7.231207511917904007e+00,-8.239595445679361418e+00,-7.499237789115348995e+00,-8.418050057364681038e+00,-7.995948403811294902e+00
-7.496442177508659377e+00,-6.538841158952605426e+00,-6.966855686234011635e+00,-6.178595319027481381e+00,-7.047795799024158647e+00,-6.532486035631111854e+00,-6.653207387639758608e+00,-7.450303309237640725e+00
-8.222521294077539622e+00,-7.087201415904741175e+00,-7.747080254505604557e+00,-6.915182579268943641e+00,-7.550680418802730109e+00,-7.240759355446095391e+00,-7.473389377609560569e+00,-8.206818268695911911e+00
-7.002548273747450480e+00,-6.010695574606844893e+00,-6.283009693668151208e+00,-5.541189658488352876e+00,-6.298459630590512504e+00,-6.147093377270270054e+00,-6.475382851040774490e+00,-6.322262255870040981e+00
-2.529929048664496527e+00,-1.724941550133155310e+00,-1.755783929384475250e+00,-1.757342924904433445e+00,-1.540998901630230122e+00,-1.804190708186385717e+00,-2.161292071416332838e+00,-1.612370535751726397e+00
1.070715609251479794e+00,1.413724818518110382e+00,1.297642207898922040e+00,1.325714145726428983e+00,1.507733824613568530e+00,1.266732923260207588e+00,1.380360973402671165e+00,1.834005441269170644e+00
1.564786197752744412e+00,1.654081104218273479e+00,9.842334320933350256e-01,2.273342404362192593e+00,2.032236917140254562e+00,2.200912968869518149e+00,1.562499051393153815e+00,2.524926356066904631e+00
2.401886429657443145e+00,1.998217609940926343e+00,1.536586244657187850e+00,2.159954983861340327e+00,2.421157604293395327e+00,2.197105114475843557e+00,1.634930181428377871e+00,2.349127112546433249e+00
4.361040879568125916e+00,3.977349135430207738e+00,4.297411839058213445e+00,3.781147897174272909e+00,4.458705746132949344e+00,4.183264167084430163e+00,3.823902764291964740e+00,4.372042756208775138e+00
5.556261378187614675e+00,6.245294090390076214e+00,5.487066683276196066e+00,6.014804225702206075e+00,5.920861885129076185e+00,5.964504110881974519e+00,5.976656542586615828e+00,6.348015409897429073e+00
4.579800100494771264e+00,4.470534395027504715e+00,3.634607171231568401e+00,4.312804209478048101e+00,4.100447198689673556e+00,4.529079583248264207e+00,4.449776286085197263e+00,5.035628393537009195e+00
1.877060708095831254e+00,2.579383799722299031e+00,2.278036824386932224e+00,1.774063200642503890e+00,2.205026460885331385e+00,1.779057589973650266e+00,1.994809370184902564e+00,2.515926258807892779e+00
1.854742680786400477e+00,1.946135837413759173e+00,1.883515182967392843e+00,2.425959523114595839e+00,2.487206312628904570e+00,2.086853879212742235e+00,1.704926329710388933e+00,2.027448208083749481e+00
3.339256999159301742e+00,3.418265129962698268e+00,3.042103529885158419e+00,2.941287849255115550e+00,3.441822538086103833e+00,3.530937202685394460e+00,3.478985101582990236e+00,3.739591480503718923e+00
2.823790745531180146e+00,2.641720082539527947e+00,2.356312228831620281e+00,3.011218620425393233e+00,3.063845595471436756e+00,2.868676928479320765e+00,2.728813722509104700e+00,2.488902274189985775e+00
4.648376037585212894e-01,9.892124017522541113e-01,7.777424401936610110e-01,4.478371406337333660e-01,6.981947126467759057e-01,7.564262996991388821e-01,5.568427697948370447e-01,1.906323008703809108e-01
9.452659983618052486e-01,5.483172907720857969e-01,4.105004843483713861e-01,3.362690252488012010e-01,9.880911740766473716e-01,7.974063166716309770e-01,6.913403458331346396e-01,1.967676862849325192e-01
2.501819107937810038e+00,2.391444300403218204e+00,3.198017940189026742e+00,2.543398170961221005e+00,2.616120581208919216e+00,2.363387941201993581e+00,2.984631723523424540e+00,2.753880442701551967e+00
3.446550413451434203e+00,3.010410612749221837e+00,3.678113548150307555e+00,3.019501898352056735e+00,3.335919901519847741e+00,2.815093155322140106e+00,3.488729457249597043e+00,2.854799331504171533e+00
2.163857666656586964e+00,1.846299344378554697e-02,1.587736443125930874e+00,4.160765835193692697e-01,1.193216587935061357e+00,1.289123792504740518e+00,1.324036512509393804e+00,5.024982586551196562e-01
6.478501782419499033e-02,-8.365805501152332457e-01,2.249925680870923927e-01,-5.526516587052702212e-01,3.363353699850368805e-02,-3.436772425136702669e-01,-3.283724669735018087e-01,-5.041656635122260255e-01
1.282083051216124092e+00,6.113312783088142854e-01,1.028503089236632695e+00,1.559027705583873880e-01,-1.193074953210418454e-01,1.887139793532783549e-01,4.356216885809883754e-01,6.308717765727844817e-01
9.782973484242923901e-01,1.948396221755213098e-01,1.527131417773629485e+00,-5.216459144509333345e-02,3.371503155473243862e-01,4.579882311704900344e-01,4.298351470478167236e-01,9.186484276725109810e-02
-1.490689262597065579e+00,-2.349997275135673469e+00,-1.643243790319373288e+00,-2.196572903428825718e+00,-1.877198974160324552e+00,-2.034543247198783877e+00,-1.991918574785535689e+00,-2.243937352795466911e+00
-4.072568302089117687e+00,-4.483871038680085519e+00,-4.260033288257263351e+00,-3.970033106989020233e+00,-4.027386457257811081e+00,-4.256119404384072880e+00,-4.134115205125455716e+00,-4.687420589820794348e+00
-3.348683609126455796e+00,-3.510985901933239894e+00,-2.849995714317588469e+00,-3.000409052642445396e+00,-3.613457349017163089e+00,-3.259855494097599227e+00,-3.562266652172044967e+00,-4.380064506599230967e+00
-1.631398461802939348e+00,-2.389882817221497646e+00,-9.835812377994902489e-01,-1.320524955278272294e+00,-1.814473882463591092e+00,-6.807706092674148390e-01,-1.362350264291666502e+00,-2.213396337744272913e+00
-1.298862899470591969e+00,-2.268869446540070278e+00,-1.115927210919234636e+00,-1.922949268917052645e+00,-1.464456249908558938e+00,-1.410508399345443920e+00,-1.702168144458165999e+00,-2.527242971084376677e+00
-2.176143081398076440e+00,-2.168351400761904912e+00,-1.701342140015602356e+00,-1.972899753595392491e+00,-1.854518035172870505e+00,-1.809242193704777790e+00,-2.419361052390368361e+00,-2.560206673383604858e+00
5.410369726152521874e-01,-1.785541648677895776e-01,2.624014341533463801e-01,2.957337371609392584e-01,1.105282990608426053e-01,-3.342227323852050569e-01,5.540647220062677736e-01,-2.680882602779415258e-01
4.515143094137725299e+00,4.281321022701762402e+00,4.360791348919253352e+00,3.997811736493046109e+00,4.239241626665585905e+00,3.784645649921258403e+00,3.976869851782498078e+00,3.814892480479703085e+00
5.829175656111750925e+00,5.345318000941791325e+00,5.562750765525077412e+00,5.465774871098941112e+00,6.099514859864657801e+00,5.760857643849786491e+00,5.369793359639347230e+00,5.410424684176513566e+00
4.751271731907948492e+00,4.035899976319350380e+00,4.481166819133020951e+00,4.437713442684345644e+00,5.507427024213857436e+00,4.610857133865133406e+00,4.403722487138456820e+00,4.830583083058784588e+00
5.129947311978407143e+00,4.495634013226281311e+00,4.639109380278632067e+00,4.522319292931177515e+00,5.396270575097831035e+00,3.372418900177347023e+00,5.036051270552217574e+00,5.382263113905998431e+00
6.575441891979926012e+00,5.870899009037029437e+00,6.981038238805212792e+00,6.173767188403777695e+00,6.933667037149726653e+00,6.670911599364718114e+00,7.043928643820613011e+00,6.990498675145869534e+00
6.692004229899267465e+00,6.542969311923223508e+00,5.585971636597151679e+00,5.730888610188965337e+00,6.711180185910275320e+00,6.941535464139072076e+00,6.322030277244397034e+00,6.316447829386114599e+00
2.635024152303132361e+00,3.510198166409320031e+00,3.037695980869536072e+00,3.408277399616667758e+00,3.716556591027180279e+00,2.717767022088959816e+00,3.227130984825287374e+00,3.506336512935213534e+00
4.201886654260152953e-01,9.362630786479453349e-01,-2.535874191427303082e-01,9.264624508558114702e-01,8.793340100523773240e-01,1.278147131767682243e+00,1.017820678592057604e+00,6.675549592839591373e-01
-5.463847108275043940e-02,1.525225930669593000e+00,2.800595526037784611e-01,1.246262700269296086e+00,9.960393079202646271e-01,1.440863959074896172e-01,2.211935779304400329e-01,1.252066201394762990e+00
8.532049593140256238e-02,1.607465054037692465e+00,2.255159566006287308e-01,7.878193192557508828e-01,5.895822283327478708e-01,1.320650073965623950e+00,1.360132495350136583e+00,1.333903603436888075e+00
-1.424735398449915147e+00,-1.182508531811047758e+00,-2.578027256137594314e+00,-9.452149769483324526e-01,-1.120728601980723882e+00,-1.326367747350113646e+00,-8.849127649415560182e-01,-1.113676094332008315e+00
-3.847144147903670763e+00,-4.124774195504827823e+00,-4.053278569941541676e+00,-2.836828736238584003e+00,-4.203964880624618594e+00,-4.366954211568097044e+00,-4.763072360574144071e+00,-3.731013026522205678e+00
-3.701599471945001607e+00,-2.781798132072497598e+00,-3.587584782543609574e+00,-2.883111759399174634e+00,-3.445891736299859343e+00,-2.995928866130118884e+00,-3.421599109620344858e+00,-2.827775525317651084e+00
-2.419248366503512937e+00,-1.411783299313499773e+00,-2.519724161760611203e+00,-1.510252140177926305e+00,-1.859165861241472539e+00,-1.378284281618597840e+00,-2.166794226867920337e+00,-1.575415344466767120e+00
-3.907017720991709631e+00,-2.652783976709539804e+00,-2.623206232848223962e+00,-2.535811130990182516e+00,-2.425660146051976884e+00,-2.758127405451306302e+00,-3.144859115828039897e+00,-2.885618920641568330e+00
-5.699381854252448143e+00,-5.055023042367078112e+00,-4.903906450734430322e+00,-4.582969840164597741e+00,-5.741508930353760753e+00,-5.264489166742346349e+00,-5.750947173624798126e+00,-4.909126007120322654e+00
-5.317106074118533421e+00,-6.245231869985957474e+00,-5.342434790466453975e+00,-5.995843972122960608e+00,-6.376270460934195583e+00,-6.070762009912559876e+00,-5.899049016398140388e+00,-5.467108719355266544e+00
-4.880903863703167644e+00,-4.253983683698427498e+00,-4.608818492245682741e+00,-4.531343457347308146e+00,-5.343550210018197077e+00,-5.422123256449739692e+00,-5.123666413453343615e+00,-4.470995913126536436e+00
-6.079736767587611723e+00,-6.001723390977161010e+00,-5.576227854448660537e+00,-5.633145040775763057e+00,-5.593824685388439910e+00,-5.468258255065197027e+00,-6.218929343848431657e+00,-5.910368041348829315e+00
-8.557894163695118905e+00,-8.215284977041068970e+00,-7.967545871817716119e+00,-8.238996540762451914e+00,-9.715238006869308052e+00,-7.837079510694564988e+00,-8.726717018505524948e+00,-8.223615611993917440e+00
-9.999779001383227950e+00,-9.728401363542181102e+00,-8.705526002219432513e+00,-8.850694555786089879e+00,-9.987236091139287453e+00,-8.776692079554466730e+00,-9.301958752220064852e+00,-9.612119511446026721e+00
-7.420891303029561570e+00,-7.278810241663149050e+00,-6.701422659330514620e+00,-6.220507368147669247e+00,-6.639458342916235267e+00,-7.477240649437063347e+00,-7.575989502818345045e+00,-7.106772501623510152e+00
-5.384408804349641642e+00,-4.648611329502418954e+00,-5.457748352519304902e+00,-4.236859719744379582e+00,-5.332352551842149957e+00,-5.445845848799003797e+00,-5.787774592967884324e+00,-5.562503374676057710e+00
-5.379220667531773081e+00,-5.190041200964659041e+00,-5.122764995317791836e+00,-4.735612687595828874e+00,-5.747980060575308414e+00,-5.278467631600604726e+00,-4.654508503531712194e+00,-5.425941377088175699e+00
-3.946384179026759309e+00,-3.799393581696029809e+00,-3.963223750332267148e+00,-4.035670476974551946e+00,-4.227188994407839573e+00,-4.481718279406649685e+00,-4.318898835885516263e+00,-4.915436894768514975e+00
1.033935678706315309e-01,7.108661661559237399e-02,-5.428850906753511785e-01,7.478216599913766194e-01,2.023636982017371772e-02,1.325697586663125878e-02,-4.120589607603980520e-02,-9.057396432525899321e-02
4.384123820966054019e+00,4.019882916435694398e+00,4.235886791505803828e+00,3.794425715668531929e+00,4.468451173526959863e+00,4.121850385576642850e+00,4.006832210225187652e+00,4.216410527587137302e+00
5.146878787316399695e+00,5.520926351544384048e+00,5.865065999076256809e+00,4.698714556676095278e+00,5.968035176620478666e+00,4.595601324088865347e+00,5.416757655007121031e+00,5.235731842755461329e+00
5.683596668777545879e+00,5.032524276124467733e+00,5.367267921590621604e+00,4.244673986577403468e+00,5.626182678273421445e+00,5.224516064418401662e+00,5.825741463204221482e+00,5.936085996571614842e+00
7.820375378507200992e+00,6.465509403212826633e+00,7.483517194625464164e+00,7.043531811404894150e+00,7.296908464759945367e+00,7.061209083762397754e+00,7.394853257007278913e+00,6.954083072487216910e+00
9.240446639589350752e+00,8.981225027632541824e+00,9.265115496859952060e+00,9.126291141132773177e+00,9.922540020124049676e+00,8.951118598369470547e+00,9.000884479046668218e+00,9.294970464916310959e+00
8.431109529831081417e+00,8.605409373812069163e+00,8.344027360891548284e+00,8.800236785344122126e+00,8.662058099758882079e+00,8.310249090733494270e+00,8.259824442014664925e+00,8.305962522806325410e+00
6.312600382669036669e+00,5.832547796943552854e+00,5.704426713046286679e+00,4.976390808421229828e+00,5.781492586875325301e+00,5.090877109070603090e+00,5.825967746990568408e+00,5.558730367640656311e+00
4.953965949133601221e+00,4.386492824483193331e+00,4.471757430045649961e+00,5.029756779609066975e+00,4.650332473230984753e+00,4.764027682997166835e+00,5.009425481502822741e+00,5.065088476333663436e+00
6.464376995412557392e+00,5.678480685225022029e+00,5.500339536984944822e+00,5.709790299122667001e+00,5.706927198395794321e+00,5.949474668449775017e+00,5.625991365077804396e+00,6.155926583770328087e+00
5.403572488305174559e+00,5.174950562399011744e+00,5.714299671282089932e+00,5.434501012617912963e+00,5.345770488060955117e+00,5.490561736428859696e+00,5.871233928792525703e+00,4.921467199757493916e+00
3.454172742520674078e+00,2.635960569522606267e+00,3.286779362940698945e+00,2.134178695484800770e+00,2.669619279708556281e+00,2.980956580204079387e+00,2.739531417192424545e+00,2.327249022899779529e+00
2.007943074732793320e+00,1.165617291285525825e+00,1.592630364315943625e+00,1.932177091215469877e+00,1.982414797709348697e+00,1.796808729333304822e+00,2.399100585944694775e+00,1.087242473157846057e+00
3.563224048956138201e+00,2.778471273784102635e+00,3.763973005251873172e+00,3.142601824031866720e+00,2.956437660416513680e+00,3.050467105122123712e+00,3.938537920106802481e+00,3.293717320012574667e+00
4.585115048996235565e+00,3.265782949684012504e+00,4.143901854389945960e+00,3.441519254189048471e+00,2.918809571872687414e+00,3.747821329761104270e+00,3.876695041958560850e+00,3.831093030607373606e+00
1.725362924161158773e+00,1.362851982733118694e+00,2.054461339481075566e+00,1.332253790041511454e+00,1.196672228551559858e+00,1.624382757539842181e+00,1.749834647765247553e+00,1.158846020891947326e+00
-8.161753737769548156e-01,-1.005172709785513652e+00,-2.175386103162745277e-01,-1.418731017556201124e+00,-1.048503002008335239e+00,-1.067899812442398177e+00,-1.139656069101499636e+00,-1.601738153112595819e+00
-6.771743898632168746e-01,-1.245305356387580220e+00,-1.422441366363613735e-02,-1.252821973096624353e+00,-1.120782004575400670e+00,-8.803946178460275718e-01,-5.772243912944619026e-01,-1.570846903237373970e+00
-3.851706906687226706e-01,-1.181213830343790683e+00,-2.253302485854834503e-01,-1.009679981847830366e+00,-4.581784590035128391e-01,-8.781821478733193853e-01,-8.457888536557021109e-01,-1.072185929936116056e+00
-3.654173699221578087e+00,-3.524736110976657955e+00,-2.464710950989970062e+00,-3.862203228109500674e+00,-3.733400391655593342e+00,-3.510566972868522928e+00,-3.617970593700322368e+00,-3.565371306870569690e+00
-6.220098821464238981e+00,-6.858179505344629945e+00,-6.013640609282656868e+00,-6.041741717478267049e+00,-6.463125699761743448e+00,-6.209222245675019458e+00,-6.529752932021991363e+00,-7.495603230218931046e+00
-6.829675203929376437e+00,-7.039851439576645831e+00,-6.187591047431804547e+00,-5.998799352920422656e+00,-6.926120148054513592e+00,-6.635272421921128760e+00,-6.771180732902037924e+00,-7.122739221439440271e+00
-4.649413839965876427e+00,-5.158104550957347989e+00,-4.982655551416572237e+00,-4.754446239509644734e+00,-5.186180505029172494e+00,-4.573309205339290529e+00,-5.006688299034371958e+00,-4.737104541159461668e+00
-5.555424443444631599e+00,-4.806703146224558409e+00,-3.979703184165954255e+00,-4.224273614126473397e+00,-5.190903412885768731e+00,-4.481685905004968440e+00,-4.446972658682613933e+00,-4.981964887506379114e+00
-5.955185966471706394e+00,-5.788912457844915593e+00,-5.435470726589821666e+00,-5.309950726881207395e+00,-5.762991476615173525e+00,-5.483393545990720597e+00,-5.856495733397108161e+00,-5.188501766353308398e+00
-4.695497438174546900e+00,-3.839095576317287151e+00,-3.910647310000421317e+00,-3.681617152873469134e+00,-4.369678271081916421e+00,-4.028558497399260752e+00,-3.598687330460448308e+00,-3.741044428946064038e+00
-5.892302416308279334e-01,1.830058984332334215e-01,-8.410192910184841608e-01,-2.287486383668947409e-01,-1.674195083850888166e-01,-3.241565771969516785e-01,-7.057607755948500650e-01,-2.450527307108142372e-01
1.994981694974972575e+00,1.755309297848222094e+00,1.576850043977235272e+00,1.855054277505823190e+00,2.044253947955206652e+00,1.514281287205601512e+00,2.405692567641786628e+00,2.410922605469489888e+00
1.374185319523206550e+00,1.771710115367845173e+00,1.631364663048658237e+00,1.881468688273936429e+00,1.408203380553687767e+00,1.582303896243020036e+00,1.107577954512872997e+00,2.103871310610044176e+00
1.321540472100854791e+00,1.724662070774584555e+00,1.259020071707361410e+00,1.516568317023472723e+00,2.024230935047270918e+00,1.510732480680805789e+00,1.390863436265861397e+00,1.935633121459036543e+00
3.249805873362928477e+00,3.882120080588332911e+00,2.460193830736406184e+00,4.110020177371944250e+00,3.813530946815964384e+00,3.656561497503480584e+00,3.179321981632644789e+00,3.907412174258199311e+00
4.116549815957347036e+00,4.644427922141716181e+00,4.084942728903399711e+00,4.398309801094987925e+00,4.356736580948782134e+00,4.106154570376497226e+00,4.036891632205120040e+00,5.450274552628851410e+00
1.362361578613372703e+00,1.934291441907280973e+00,1.220506099383306342e+00,1.867787146250050379e+00,2.175401719887767982e+00,2.572344150839609878e+00,2.054378793491073552e+00,2.320881905147512025e+00
-7.387864027025436986e-01,-5.338524599118003033e-01,-7.900442859477662116e-01,4.343041651552886906e-02,-4.998195543637903859e-01,-6.040723662109839243e-01,-2.930618002758357821e-01,2.945707704481100864e-01
-6.533189081188400804e-01,-3.249952292107286672e-03,-1.107344203832210328e+00,6.734844009277002330e-02,-6.529609777584362007e-01,-5.684781546518989925e-01,-2.485637778768829409e-01,-1.189925580978757891e-01
1.176502862601707528e-01,1.132274749146569004e+00,-1.199261206803041019e-01,9.860312004391692531e-01,4.379958934971585061e-01,2.768662433187687455e-01,1.347144836801840440e-01,7.743061896817947654e-01
-1.217595515852170962e+00,-1.314876908955295631e+00,-1.160645491901949544e+00,-3.067993329073731013e-01,-1.227754595016371519e+00,-1.374043509550398001e+00,-1.102941395517807788e+00,-5.422989841041827574e-01
-3.355723294500013942e+00,-2.757076806487675835e+00,-3.784702853689293711e+00,-3.040981142907367207e+00,-3.479115604235420545e+00,-2.560227469766752861e+00,-3.512883177767816889e+00,-3.074205869257622847e+00
-2.233878584961423108e+00,-2.098077839580439807e+00,-3.151395055184631033e+00,-2.458648797770017769e+00,-3.191515792425277276e+00,-2.159713945479453834e+00,-3.057696138475267666e+00,-2.261057095942612616e+00
-6.522387898574349974e-01,-4.951380699491562121e-01,-6.320450305358440435e-01,-4.511679556194814200e-01,-7.092535590597663919e-01,-3.407837084430824781e-01,-9.755994143053045020e-01,-9.734140489901164095e-01
-6.587401144239404260e-01,-4.266076342817107792e-01,-2.048850213696141176e-01,-9.108777954801763332e-01,-4.834850619954191298e-01,-8.843920319269658048e-01,-7.846092664825075058e-01,-3.196352930433000172e-01
-2.864097684545567013e+00,-3.040021829273208187e+00,-2.867000725440082665e+00,-2.812238891399692076e+00,-3.031889889800364113e+00,-2.256459681677974949e+00,-2.708299064841984460e+00,-3.415880343078471881e+00
-3.593338105508161906e+00,-3.623963464420183023e+00,-3.563517767495853583e+00,-3.051603899586412982e+00,-2.791538829864176119e+00,-3.606032941120437929e+00,-4.029237476550414421e+00,-3.537211488412766336e+00
-2.313393368478951384e+00,-2.786853613285050546e+00,-1.431681151910619176e+00,-2.044615259556949560e+00,-1.993216958768948999e+00,-2.232413295577529766e+00,-2.119650967001442510e+00,-2.007924722270117979e+00
-2.265823372970076299e+00,-3.069093685350518630e+00,-1.891015652530143143e+00,-2.533286992094572199e+00,-1.956863691692483087e+00,-1.726216985246842306e+00,-1.676129153248743009e+00,-2.260005828503663938e+00
-4.496691679254835705e+00,-4.532730302905362940e+00,-4.292418582627638202e+00,-5.002359689387607666e+00,-4.593375519201162938e+00,-4.357794123198090119e+00,-4.220619249125898698e+00,-5.415068451151845430e+00
-5.744600174540835269e+00,-6.443953329479483294e+00,-6.108248862413278246e+00,-5.344838116399388994e+00,-5.634407718671813114e+00,-5.190633087467750428e+00,-6.050523195772329998e+00,-6.822840645023796391e+00
-4.013900251030572797e+00,-4.445204079543025877e+00,-3.966417495552676531e+00,-4.036503023765553699e+00,-4.586028441266022604e+00,-3.918795749283530583e+00,-4.439246742872389184e+00,-4.911056532239702399e+00
-2.050377664157599700e+00,-2.520234708406176249e+00,-1.603429770619472006e+00,-2.039492185663486001e+00,-2.876031251775913677e+00,-1.913559665917590191e+00,-1.657322276002808792e+00,-2.458108507107382934e+00
-1.382688304541287660e+00,-2.398582413201860497e+00,-1.218562022725502958e+00,-1.873894918992997205e+00,-2.034772609588097136e+00,-1.877507647775048749e+00,-2.332943200271988982e+00,-2.944546182667132417e+00
-9.864943930429177499e-01,-1.652638174346082289e+00,-1.362439235485409572e+00,-1.963624397933935617e+00,-1.246856313212729717e+00,-1.920769206182410649e+00,-8.944195096759062213e-01,-1.857741925366322544e+00
2.146819322540796104e+00,1.499262809294553467e+00,2.683794970784322942e+00,2.104352347199951012e+00,2.079102500733533088e+00,1.807263481842122044e+00,2.062879330955654567e+00,1.699887891137914497e+00
6.184778399550460826e+00,5.939198947547436269e+00,6.080937754188745714e+00,5.544637335138209444e+00,6.350325630018082812e+00,6.275605644384921078e+00,6.812515958412623363e+00,5.778535281866069795e+00
7.910179422333945887e+00,7.276585230584673880e+00,7.366198018754221977e+00,7.279193042617871257e+00,8.080731924105382546e+00,7.363942850855496935e+00,7.073049413037264088e+00,7.463896206545179268e+00
7.302823611969770923e+00,6.733606444699548277e+00,7.465184956126872606e+00,6.299691719543066171e+00,7.355058957052785118e+00,6.634665942801501792e+00,7.354323069810799751e+00,6.952258068154448800e+00
7.807899341504350943e+00,7.754521770355400356e+00,8.012473476585945775e+00,7.713181908541194787e+00,8.532936837468007241e+00,7.339101373378185578e+00,8.061119970278715741e+00,7.791411587463009880e+00
1.014357615336362173e+01,1.017814269585091580e+01,9.674279348032778003e+00,9.375948637165146593e+00,9.988216733532430780e+00,9.708415988727495005e+00,9.958146463140238325e+00,9.358653433396330712e+00
9.553922279657824035e+00,8.832100071270099662e+00,9.094956389855267886e+00,9.029583948271937999e+00,9.301353808921644983e+00,9.388769963771791183e+00,9.022189227830818226e+00,9.344160514317609412e+00
5.924470616540035373e+00,6.004515757875834581e+00,6.276937466169907331e+00,5.910625699264852706e+00,6.869509295041228647e+00,6.091907580231882946e+00,6.401797683175132647e+00,5.779842156702321709e+00
4.223113893950925402e+00,4.469770432857901099e+00,4.310986310375011676e+00,4.057580704211056322e+00,4.405920856746817549e+00,4.137549410395409133e+00,4.459911937386022984e+00,3.897179787727573785e+00
4.082738692806826997e+00,4.964300578637685035e+00,4.022123894259221899e+00,4.499258924751562638e+00,4.538833371544504836e+00,4.320488448295858319e+00,5.185662341754046167e+00,4.593228271724353107e+00
4.419693038436053101e+00,3.709990492585034438e+00,3.808266066120551852e+00,3.939541533885709601e+00,4.013383217479175258e+00,4.385235357043544724e+00,4.461323542490917227e+00,4.395040987935971977e+00
1.578095433492059829e+00,1.226320121672953123e+00,1.094894248146561111e+00,1.819406637188964115e+00,1.143285139893275071e+00,3.775001796759287487e-01,1.142060740056165979e+00,1.160908895242187988e+00
-8.985038235007656304e-01,-3.446385308314346418e-01,-1.187688571454352804e+00,-1.058457693533298105e+00,-9.639023056630406927e-01,-6.370638662425150978e-01,-1.058008016223261682e+00,-6.719010389822999141e-01
1.090363013516427865e-01,1.524237315596380649e-01,-1.670551579507815326e-02,1.292292702865745647e-03,-3.849443407811773965e-01,7.710965942832991304e-01,-4.105474300567949486e-01,-4.333438023459498800e-01
9.977203346994190092e-02,8.106537690355681836e-01,8.934133964349106893e-01,7.908423605668285505e-01,3.010884786831631299e-01,2.994055627025300481e-01,1.198816544829876651e+00,9.117775642145926618e-01
-1.550614736053410381e+00,-1.385332162199696127e+00,-7.257843561648498198e-01,-1.124044003713636108e+00,-1.396523389680659477e+00,-1.389482461709176331e+00,-1.553681624025826213e+00,-1.190298713577526479e+00
-4.106970884477919803e+00,-4.251659865100609004e+00,-3.458768700650804995e+00,-4.138238542488614335e+00,-4.377679326639309920e+00,-4.127454109847239039e+00,-3.714839502941227778e+00,-3.601072698717690646e+00
-4.840825344812554221e+00,-4.498472916909509678e+00,-4.365924667548334526e+00,-4.300454689920205631e+00,-4.393654340945687409e+00,-4.698350588497525848e+00,-4.492602388905991617e+00,-4.611628549144385580e+00
-3.951841931310513090e+00,-4.205675724197396548e+00,-3.935311407645574189e+00,-3.921246159896389472e+00,-4.287727400222638430e+00,-3.776616586737739034e+00,-4.158099857474800487e+00,-4.143173860334760761e+00
-5.595190093261641628e+00,-6.033769804049733843e+00,-5.671727702290279893e+00,-6.169483540669419952e+00,-6.305679814110166426e+00,-5.820956498983992589e+00,-6.315133804929391914e+00,-5.748120426131152705e+00
-9.828295951864156166e+00,-9.128798590148910819e+00,-9.317052863887406389e+00,-8.770748463534019379e+00,-9.852908037952646580e+00,-9.039235740448839707e+00,-9.234940393493642929e+00,-9.331746727564611987e+00
-1.041520925138464371e+01,-9.908233692919543145e+00,-9.663294721215173411e+00,-9.629109887361407161e+00,-1.030639408082239328e+01,-9.401172314973033295e+00,-1.006210285143304439e+01,-1.027216265586049992e+01
-8.171703008836042059e+00,-7.523302720912595554e+00,-7.975407377087689653e+00,-7.804638044905490624e+00,-8.184962628101427384e+00,-7.632556493801717856e+00,-8.202036608763775050e+00,-7.188417883295801225e+00
-6.763096691173857700e+00,-5.763078156277345876e+00,-7.294797263878921356e+00,-6.243134209001860668e+00,-7.025582962800037023e+00,-5.674614194186129446e+00,-6.870077766253792184e+00,-7.208718649657416044e+00
-8.112363339846673682e+00,-7.673919696688316527e+00,-7.858176573093365036e+00,-6.722607581690171585e+00,-7.712626471259628858e+00,-7.138888518961350904e+00,-7.634330691476240105e+00,-7.325709940593819525e+00
-6.305942406257978305e+00,-5.728603890892217443e+00,-5.852186952633540606e+00,-5.504543803782828704e+00,-5.943946712930673115e+00,-5.873643013189980167e+00,-6.502626295861237971e+00,-5.759439989319868225e+00
-1.648324159523716581e+00,-1.946192994121163977e+00,-2.233508578457810589e+00,-1.507272590240799071e+00,-2.031250616537005893e+00,-2.403982628556210255e+00,-1.947007535682677926e+00,-1.526173826288808044e+00
7.127904502794302211e-01,1.773707637573482154e+00,1.623176413784521266e+00,9.406553653565642437e-01,1.652176021432302688e+00,1.203635254834206192e+00,1.208270047752149301e+00,1.796851741409842385e+00
1.268422911693530830e+00,1.989558744275061075e+00,1.343584501797910447e+00,1.383392311151671494e+00,1.753979264505483915e+00,2.038179487277065327e+00,1.784387728737086176e+00,2.279538114496122425e+00
1.693635098990321941e+00,2.332858464637741491e+00,1.688521141969469896e+00,2.437325554996992771e+00,1.564033526107615257e+00,1.393813370935900187e+00,1.659113410435887559e+00,2.443493705928316828e+00
3.873066344739208411e+00,4.661197698994230088e+00,4.480526718152169074e+00,3.695244692665505593e+00,4.430435542629419743e+00,3.346145275088252546e+00,3.657448478682870707e+00,4.369674762565104231e+00
6.088669099416177843e+00,6.206181186492538693e+00,5.233989718432181526e+00,6.027523243364812267e+00,6.407864430097308883e+00,5.860658670450336061e+00,6.395490161568547549e+00,7.117007090522495361e+00
4.547985480705843742e+00,5.155175729797574213e+00,3.605406428781997796e+00,4.329526579388747187e+00,5.004552622365937786e+00,4.966690650785219319e+00,5.021175993077583222e+00,4.959548032149625918e+00
1.466695561108282364e+00,1.662501324688379079e+00,2.096099198146331055e+00,2.153370415521470349e+00,2.474818729921979710e+00,2.170109077986624779e+00,2.396072178992308288e+00,2.625773718168233462e+00
2.094674953068663914e+00,2.777715247167209522e+00,1.430754698405626524e+00,1.925840430012824456e+00,2.154346565078066433e+00,2.050868165421426692e+00,1.989401650614723405e+00,2.163801760560986054e+00
3.110397638127972542e+00,3.700672250204686264e+00,3.056895478297110724e+00,3.620980083335217703e+00,3.305727562077747983e+00,2.942970811341508064e+00,3.365597536676498081e+00,3.362728368696448644e+00
3.020373575520852505e+00,3.152454111727556629e+00,2.291962086520685560e+00,2.774194081547363577e+00,2.989010564499970268e+00,2.935516222956500609e+00,3.197878987915534932e+00,2.538688206906222433e+00
3.783388879927221948e-01,2.257056596374258928e-01,5.334856955428053382e-01,3.891669023124600946e-01,7.815104847302519753e-01,8.139479222593813956e-01,5.471882631172768630e-01,-1.340622682884473615e-02
4.351259536107369152e-01,1.999993426054262335e-01,2.879346422604145972e-01,8.468137026866501271e-02,4.334016257447586562e-01,-1.351249242208829582e-02,4.419423316822430614e-01,3.112987970891051837e-01
3.006740059021814737e+00,2.498745929409896149e+00,2.799558986469160349e+00,2.500805064321912852e+00,3.037512850102661144e+00,2.911393897318946600e+00,3.321901447393517781e+00,2.309326093694864745e+00
3.673526639443914998e+00,2.855683413627148948e+00,3.650399560400069188e+00,2.481326615041085315e+00,2.930775799185343811e+00,3.249724495252558576e+00,3.263956511183376374e+00,3.246095620141883131e+00
1.518985357858682272e+00,7.355412740456734877e-01,1.211839199597429584e+00,7.922238492042760205e-01,8.663940549371271782e-01,1.193561571345980177e+00,1.688745560793603051e+00,3.518422743006801579e-01
-5.078181001788266702e-01,-4.982859249439704485e-01,-2.868708240734821335e-02,1.997613138078291328e-02,7.408053891164678717e-02,-3.999141917216102460e-01,-6.756889565897836736e-01,-9.551421419132463120e-01
1.013529031212778264e+00,-5.174890696234387688e-01,9.767786501713574543e-01,5.269426245294555056e-01,6.532582778994453498e-01,5.020500746367023703e-01,7.611766541987431411e-01,-2.814849254380365484e-01
6.405488794699718547e-01,4.472813917698760244e-01,7.847947514429285398e-01,5.401562124835334044e-01,3.672700061459273635e-01,6.463678514666473252e-01,1.364334619209495614e+00,4.617191706780707783e-01
-1.594339557719433031e+00,-2.367886652899001021e+00,-1.510409235528354266e+00,-2.171292747677151969e+00,-2.045539592883717450e+00,-1.743187366745860167e+00,-1.805046399186358341e+00,-2.874912624511405834e+00
-4.482653674391028353e+00,-4.709444110910106396e+00,-3.737816788237330101e+00,-4.966042599757754417e+00,-4.444717727834252230e+00,-4.811218971805660161e+00,-4.219211581346764106e+00,-4.829554021575390266e+00
-3.163664690514383704e+00,-4.221002045243118062e+00,-3.154192433661967776e+00,-3.900073410886316871e+00,-4.509162962303108202e+00,-3.851978251855745494e+00,-3.676706390955933657e+00,-3.907324139080045722e+00
-1.639533414077523288e+00,-1.639728208841481072e+00,-1.254365684099148170e+00,-1.150891635730061147e+00,-1.998604817979160231e+00,-1.662070803154294563e+00,-1.066464489696323348e+00,-2.265223465311767104e+00
-1.812743702236097043e+00,-2.488403857312158518e+00,-1.265970057944820759e+00,-1.802773046504058119e+00,-1.706845745643762013e+00,-1.506381419196087590e+00,-1.643569565876895400e+00,-2.555522882455409484e+00
-1.706535883697731348e+00,-2.036920584716236604e+00,-2.020383689630810942e+00,-2.329857453781470245e+00,-2.222112280710273780e+00,-1.891580561839999231e+00,-1.949506053505361436e+00,-2.907970151104326550e+00
4.138547582242003697e-01,-4.117229469404778963e-01,5.658823174146285773e-01,-9.219676702064097396e-03,2.925575721101116300e-01,2.691247754404506032e-01,-6.210779819100048504e-02,1.776980698985513585e-01
4.005363952385915027e+00,3.903750817820867969e+00,4.555339975043964706e+00,3.461485463843303911e+00,4.478994126896529870e+00,4.265247391191557824e+00,4.586262610421315777e+00,3.557580061992269282e+00
6.154569888647010600e+00,5.404119666709092940e+00,5.437104085892912053e+00,4.862257964127183918e+00,5.648895945745000091e+00,5.736761732609020115e+00,5.967369048824328281e+00,5.753001176908701275e+00
4.704950625503834694e+00,4.967120641221555388e+00,4.772860356820985750e+00,4.313592297075762971e+00,4.622992887394765660e+00,4.228446983970112427e+00,4.722401204763849947e+00,4.951016858463740178e+00
5.003389940377052980e+00,4.822441637575283657e+00,4.660791627324830877e+00,4.276584158178699191e+00,5.270944584880529860e+00,4.760726108651910593e+00,4.562895797456992142e+00,5.335733053319802188e+00
6.748717842947500323e+00,6.487560246582570578e+00,6.484492532684082100e+00,6.133971863241380440e+00,6.822438368079776438e+00,6.214355174353374700e+00,7.092228445153082816e+00,7.167821690631700271e+00
6.225440312021126132e+00,6.461226164316721920e+00,6.576198320571744027e+00,6.065911957895300688e+00,6.680583688475064008e+00,6.309612034244358014e+00,6.333172917432082549e+00,6.595658553387342415e+00
3.325786865587659680e+00,3.948578235215038479e+00,3.040357412486236921e+00,3.463092933753005198e+00,3.461805508123178665e+00,3.413076708639450896e+00,2.960238544978814890e+00,3.437514228700345953e+00
3.608351717122333380e-01,1.224490982336817968e+00,-2.818786524984805419e-01,8.010088906115810925e-01,1.586587202799547569e+00,-2.002827938674440755e-01,1.676957228836107872e-01,1.337852905281594174e+00
4.191136307895267366e-01,1.085873224503660639e+00,4.487282435346976461e-01,1.025418357053629714e+00,2.669358799141062777e-01,1.699046296987110072e+00,5.705377496697411344e-01,9.900447504308529378e-01
9.426315369405811051e-01,1.176975177093349201e+00,7.254633251396007676e-01,1.368166196436300996e+00,7.904449367522342618e-01,1.209172993668859331e+00,3.336804657173705890e-01,3.578638466191071954e-01
-2.146069883147694757e+00,-1.601545131979720260e+00,-2.018997618132940541e+00,-1.181331866212605108e+00,-1.510952468622462241e+00,-1.502484142170336767e+00,-1.804989106596188497e+00,-9.960139715229699986e-01
-4.839533741774033615e+00,-3.367823835006313882e+00,-3.871299405236333424e+00,-3.536668395161973955e+00,-4.096252210164855967e+00,-3.083751920425649384e+00,-3.727848481638813105e+00,-3.805670094953025995e+00
-3.002474303455956228e+00,-3.494927318528777693e+00,-3.680608026231493746e+00,-2.765511691961459295e+00,-3.046310458525432807e+00,-3.233999565447875923e+00,-3.504968190137849771e+00,-2.761690940685400886e+00
-1.203698943909131458e+00,-1.352852428115427497e+00,-2.335624006848907364e+00,-1.291293191348664937e+00,-1.644466535881114577e+00,-1.683780390615789324e+00,-1.844402102672928700e+00,-1.016534512941004165e+00
-3.139239849274069183e+00,-2.707014970009303134e+00,-2.832725954430761917e+00,-2.672633887668531383e+00,-3.037282595565187648e+00,-3.013428249717124086e+00,-3.282427982416347589e+00,-2.539122548537965596e+00
-6.117384614058668291e+00,-4.633381427287290855e+00,-5.861351320354958538e+00,-5.168488614891496802e+00,-5.695906161501128828e+00,-4.944339906627183368e+00,-5.605880932830705987e+00,-4.832975233533899129e+00
-6.136375770651658179e+00,-6.225824107165057519e+00,-5.861403397023623896e+00,-5.923286712533110787e+00,-6.210052767015693753e+00,-5.978754588102725975e+00,-5.566306499316262979e+00,-5.666377741311660721e+00
-5.097236030094513204e+00,-4.887408926866210201e+00,-4.330452745647527024e+00,-4.850510450314892807e+00,-5.209741130912453499e+00,-4.818861099661636338e+00,-5.194441264771068489e+00,-4.279435759009294848e+00
-5.968842234079449582e+00,-5.174408754757690687e+00,-6.162974167745685072e+00,-5.162503563496436243e+00,-6.115005744109567765e+00,-5.314682815858691178e+00,-5.830328348302555419e+00,-6.046495593966227489e+00
-9.031434639121794561e+00,-8.082634963113930482e+00,-8.749841896860653279e+00,-7.941412505745599759e+00,-8.927933639272568556e+00,-8.186463849290163353e+00,-9.144719638357548419e+00,-8.579888799926813192e+00
-9.357623152741895822e+00,-9.431060670692096082e+00,-9.519850751369880015e+00,-8.699227931896487576e+00,-9.610679893116939709e+00,-9.131870755362875514e+00,-9.000362186583672042e+00,-9.262096354535115594e+00
-7.174342081634387469e+00,-6.932540606970047037e+00,-7.060489228106431092e+00,-6.540448036014027799e+00,-7.232881336215687185e+00,-6.547760608849366726e+00,-7.364035093172164537e+00,-7.359946425188025110e+00
-5.862573732200135446e+00,-5.102922116595477675e+00,-5.285002107544207739e+00,-4.763295917206496810e+00,-5.878695218169197823e+00,-4.229832557807318594e+00,-4.978744391304922523e+00,-5.063563877150239811e+00
-5.143631452476817856e+00,-5.027184493845986424e+00,-4.763427536773268578e+00,-4.661131763736841016e+00,-5.731383745543310759e+00,-4.929454174421404211e+00,-5.289285432509805318e+00,-5.488358589817504907e+00
-3.567820520949956720e+00,-4.260974494031262161e+00,-3.808774094892129369e+00,-3.642159431760619626e+00,-4.739169008600405242e+00,-3.968797617660782873e+00,-3.942697022466686185e+00,-3.568272192063033810e+00
5.158809973101530222e-02,-2.679612081031765639e-02,1.485818838204766845e-01,2.733684015570972403e-01,2.599192201071791608e-01,5.118812508562505664e-02,2.013037281631982200e-01,6.366592512815777427e-01
4.082428466913133214e+00,3.571954650652763519e+00,4.138767687922765504e+00,3.892458685283622710e+00,4.289710587712449730e+00,4.396954494271971825e+00,3.990438730119073796e+00,4.273705136419856387e+00
5.310789507663335129e+00,5.152308289624968118e+00,5.301137384377850204e+00,5.286153149956633435e+00,5.567764830553507238e+00,4.844917988551663335e+00,5.579903274510996880e+00,5.524527082070968653e+00
5.598829076344877365e+00,5.238528125546518588e+00,4.916692365256301933e+00,4.845695104470651771e+00,5.080767702380544648e+00,4.907882258722175095e+00,5.066209027078905969e+00,5.766731006833393458e+00
6.812492812567700895e+00,6.931505011688565254e+00,7.298656376259783585e+00,6.814417198401073961e+00,7.994329392527735223e+00,6.419645015818262301e+00,7.454253370496616959e+00,6.946663678394454422e+00
9.580808706377904826e+00,8.737681788042557685e+00,8.876627801513521376e+00,8.920443830671789698e+00,9.503759415050920367e+00,8.760405977030528035e+00,9.339332435058643966e+00,9.070444831674093322e+00
8.580279041706749155e+00,8.736611414057136926e+00,8.616605956257506804e+00,8.148997136754577042e+00,8.921995650951258128e+00,8.206665685719434222e+00,8.779928854706980701e+00,8.954349979959511430e+00
6.466212585659906864e+00,5.823252576432762062e+00,5.945888046657768378e+00,5.172522217011690238e+00,6.347809233875671531e+00,5.659036363548506365e+00,5.807059278882489295e+00,5.810060003201320988e+00
4.959117325000717003e+00,4.638805770243616067e+00,4.779764805067492794e+00,4.802710788868863823e+00,4.882211208079182185e+00,5.394431327614406690e+00,5.104888233774866890e+00,4.687712983657600141e+00
6.543596861128466280e+00,5.811603306996082630e+00,5.736608175466689552e+00,6.542337962085140290e+00,6.012568409192134311e+00,6.108057017688265589e+00,5.820168635434274762e+00,5.715854036336605049e+00
5.205210992538183312e+00,4.899266146325087945e+00,5.454501276624138306e+00,5.080232425140800423e+00,5.668455567278454232e+00,5.166313904803419454e+00,5.699698748146786009e+00,4.415892541323907849e+00
3.193836819680389461e+00,2.437978409423593007e+00,2.016621149050635609e+00,2.649810252443717040e+00,3.880198132658319921e+00,2.648899360988884233e+00,3.078683935044834286e+00,2.486982591379730767e+00
2.064317408828480804e+00,1.417047963958799395e+00,1.980639724537743174e+00,1.357890965111653747e+00,1.978781262352491854e+00,2.135960811333280862e+00,1.789064051085178297e+00,1.208467045978005361e+00
3.225041227599787508e+00,3.335508849903878748e+00,3.439567164533664734e+00,2.760240828163624816e+00,3.798166553352829489e+00,3.467753318890470560e+00,3.375839751027887470e+00,3.177253194141196779e+00
4.168918476886374513e+00,3.292515077995650241e+00,4.154801413154684653e+00,3.916527108060538165e+00,4.223611406037722560e+00,3.670407820062094206e+00,3.991372444598612734e+00,3.793300942047708624e+00
2.197649718443839717e+00,1.323456102603115747e+00,2.164478521003245781e+00,9.368286784248813781e-01,1.620248771876702687e+00,1.191015219885065424e+00,1.433235739660207342e+00,1.363644631127502116e+00
-6.309762562854497325e-01,-1.409403963941066262e+00,-3.780348786162127661e-01,-1.331306569253439820e+00,-1.203703839181117008e+00,-7.017705397381160948e-01,-8.086994751951426252e-01,-1.064270799580795845e+00
-1.050193922205501229e+00,-1.127177950705234633e+00,-6.545916110961442769e-01,-1.555237794541370899e+00,-6.212210749681992272e-01,-1.273671223112802231e+00,-1.065992871506535433e+00,-1.628052158216432677e+00
-5.261397238047939018e-01,-1.106020542225611303e+00,-2.925665103919514176e-01,-1.097930115122790040e+00,-1.363468965290576262e+00,-7.047217096567303107e-01,7.388785063012548449e-03,-9.461818410523200606e-01
-3.455172906004982725e+00,-3.304796424560379808e+00,-2.867492904356110373e+00,-3.818904837488237280e+00,-3.069075086765526095e+00,-2.634741600656467231e+00,-2.974064399161170602e+00,-3.541353298747303313e+00
-6.514042373858732304e+00,-6.773650374573511712e+00,-6.071984287736323260e+00,-6.110727855975683909e+00,-6.667401146256017874e+00,-6.304479441074851032e+00,-6.361024203856620041e+00,-6.502201992581956524e+00
-6.692520139549718472e+00,-7.167560289927267902e+00,-6.326270518987272773e+00,-5.516368270624121273e+00,-7.715492432339834394e+00,-6.701387482448670774e+00,-6.279822452137546307e+00,-6.390883304549141108e+00
-5.505453302990579445e+00,-5.290622897688696646e+00,-4.420866060479809789e+00,-4.654046632675622241e+00,-5.275640915836920186e+00,-4.566042664835460840e+00,-5.502916221138356434e+00,-5.730361510098131994e+00
-5.321843853770677590e+00,-4.775822445215938572e+00,-4.953111253287636018e+00,-4.828761898806981812e+00,-4.744104979954460788e+00,-4.631165132162574416e+00,-5.499180550877708740e+00,-5.033255173202745070e+00
-5.574596183282766404e+00,-5.814588309110622966e+00,-5.523708066701826347e+00,-4.960288685163493305e+00,-5.816463843052843252e+00,-5.810447896160675363e+00,-5.740690774131330443e+00,-5.858073184737760286e+00
-4.346372601655111190e+00,-3.764649839332180115e+00,-3.737567628018372279e+00,-3.998176829176725011e+00,-3.925647689714511390e+00,-3.719804839693526599e+00,-4.532763473473136351e+00,-3.884006111117140225e+00
-1.110784704267836709e+00,-1.756392531593311823e-01,-8.789469967362070202e-01,3.493286131624440127e-01,-4.734340529751722704e-01,1.636300406926418094e-01,-3.792245430817687835e-01,8.425170700517889411e-02
2.156135135624849930e+00,2.943820753095739651e+00,1.877554655135099670e+00,2.035473109995243668e+00,1.723334125906151204e+00,1.914749637210649169e+00,1.982760477866796212e+00,2.428499371551121389e+00
1.509664233740371841e+00,1.242857123461865498e+00,1.084386006081099252e+00,1.376301515741955805e+00,1.670158139596848335e+00,1.354264665465603645e+00,1.688655490587033459e+00,2.450760890593769226e+00
1.183391295574205859e+00,1.851732762967315038e+00,1.061739620877544477e+00,1.482342225837008032e+00,1.736132333323953336e+00,1.152798815760651907e+00,1.049688210744171624e+00,1.890962328532741488e+00
2.902512271459519066e+00,3.441281567875638991e+00,2.762885500220801926e+00,3.730720520396805906e+00,3.580963497490887271e+00,3.356679741628709746e+00,3.446270021524118210e+00,3.886036140883746715e+00
4.306275712665641464e+00,4.500289150457969178e+00,3.722590535498097708e+00,4.316190622430029933e+00,4.859342745184092038e+00,4.096881126191559197e+00,4.144327141612126120e+00,4.690976393663849109e+00
1.769727577964355980e+00,2.412797067888857949e+00,1.936017625017116828e+00,1.996593147517012223e+00,1.876691593235380484e+00,1.700419257185557864e+00,1.918224415564258045e+00,2.505991814827523090e+00
-2.360606101670507107e-01,-8.527470827169499890e-01,-1.592768490063957820e+00,-3.843013273089258552e-01,-3.807231157135101962e-01,7.749906726377631117e-02,-8.989414246705726974e-01,-3.975371172480635651e-01
-7.260621196171551661e-01,5.897081006866070063e-02,-1.431876500994898382e+00,-5.034481645014479145e-01,-3.722927052305165518e-01,-1.659974169687867263e-01,-1.907806474050893208e-01,-2.618661228302237784e-03
1.184498473418782866e-01,1.394512711905100844e+00,-5.719184975355793288e-01,8.870788220183725148e-01,-5.016776085008312069e-02,7.466902516803088918e-01,2.251187888537538873e-01,7.323509302574202628e-01
-1.434633927710039281e+00,-7.866521871528924237e-01,-9.961063794909322811e-01,-1.199997514721139691e+00,-1.437160123674633638e+00,-5.888469179016905253e-01,-6.259632951879632312e-01,-9.468068437753973665e-01
-3.199615934582425769e+00,-2.782852423386547258e+00,-3.654156874089330209e+00,-2.978378691063332528e+00,-3.192062148674852828e+00,-2.788704972456800490e+00,-3.515376411772026977e+00,-2.632508391169408934e+00
-2.656875015406277907e+00,-2.147487933229093482e+00,-2.861232730938729762e+00,-2.192657242425188446e+00,-2.110325593739212025e+00,-2.694967148549048286e+00,-2.537382842716175091e+00,-2.449278548476971906e+00
-2.505930359720547895e-01,-4.984163570953112909e-01,-6.939303867482204957e-01,-3.088185212932511581e-01,-4.278904094284568527e-01,-4.392414704169912976e-01,-6.496096867547864750e-01,-4.069092991598804998e-02
-7.230120245147365621e-01,-7.659564396490643468e-01,-7.363637247768977101e-01,-3.465576625095531105e-01,-1.171266707413902264e+00,-6.962745348724073136e-01,-7.516599993872763452e-01,-5.100624649290015356e-01
-2.768661652321447342e+00,-3.511822026120303253e+00,-2.538282743640270400e+00,-2.752675548167770714e+00,-3.756638503322414557e+00,-2.668300898712621105e+00,-2.593486152006109435e+00,-2.682579772176298505e+00
-3.427390255608472103e+00,-3.395856388818699223e+00,-2.325634305808223612e+00,-3.101593882653875145e+00,-3.327835359610322730e+00,-3.398009926876561337e+00,-3.545444972381908144e+00,-3.637992191807815523e+00
-1.702811315845042861e+00,-2.334530080711386901e+00,-1.261176153731591087e+00,-1.838406931664277710e+00,-2.287786699743341146e+00,-2.266503624468906519e+00,-2.904334457374522227e+00,-2.266311580026427297e+00
-1.549671846911809814e+00,-2.669595848241334668e+00,-1.966003504097751708e+00,-1.995626292466802454e+00,-2.005782940637545142e+00,-2.556184326254232975e+00,-3.049797127565919030e+00,-2.233025028481595786e+00
-4.613139712704103168e+00,-4.777581030189730349e+00,-3.980478547833145253e+00,-4.257344132694154126e+00,-5.096163799036819597e+00,-4.511596181452791399e+00,-4.175465921763017896e+00,-5.148945577144446339e+00
-5.972320831428101329e+00,-6.323558958204023028e+00,-5.800662573631166552e+00,-5.619143867702815598e+00,-6.085203461795849478e+00,-5.912244875436337921e+00,-5.505890435450443654e+00,-6.316417737435361168e+00
-3.935019701435246375e+00,-4.467073565376613153e+00,-4.295633992900913967e+00,-4.141246374693040799e+00,-4.096075807315862072e+00,-4.560524101691824761e+00,-3.453982586210730510e+00,-4.948279008456593964e+00
-1.894445530932553856e+00,-1.922414685592499950e+00,-1.295306306330737067e+00,-2.248438797460396099e+00,-2.242049127540267417e+00,-1.642151895377354176e+00,-1.800529842426906946e+00,-2.286258096158154451e+00
-1.367127577805171246e+00,-2.377106225673711215e+00,-1.149647526019168531e+00,-1.665588751770970211e+00,-2.028760598151412076e+00,-1.404363549064138850e+00,-2.025505165808967778e+00,-2.508937973847456426e+00
-1.883851381919092294e+00,-1.286292278495740460e+00,-8.172545103008168610e-01,-1.356605302389467305e+00,-1.406743036547654091e+00,-6.081634104627020587e-01,-1.353340897236182450e+00,-1.598270890643222142e+00
1.946702300692019882e+00,1.298830118599417549e+00,2.045622559948397257e+00,2.004565399687737060e+00,2.196450313176920410e+00,1.773482962687483733e+00,2.130382922928711675e+00,1.624752041727671958e+00
6.145928342761514784e+00,5.626997225642522693e+00,6.236271841242162495e+00,5.381656833900501091e+00,6.263383645374250186e+00,5.770614073772057928e+00,5.961014394953943807e+00,6.319732556144760593e+00
7.049544242369157665e+00,7.717707563110765001e+00,7.796055225327205740e+00,6.597043266513188620e+00,7.976657824632263249e+00,6.851466289926897879e+00,8.085711475602359144e+00,6.960079598252999489e+00
6.957340002413292979e+00,6.975557979294888966e+00,7.121426501761956906e+00,6.422166285101199357e+00,7.101861127933922546e+00,6.691166112779478148e+00,7.750730066141565011e+00,6.442287788663025871e+00
7.967790684575000171e+00,7.712222730825417649e+00,7.830944189487571094e+00,7.262972219514651329e+00,7.894744397551684223e+00,7.698277160690505383e+00,8.234756831541945488e+00,7.769042691489924657e+00
1.010363883380333583e+01,9.422653169721026956e+00,9.354165220700842553e+00,8.733211804280923474e+00,1.086317816652225510e+01,9.396965182887690560e+00,1.005420249857244563e+01,9.524126957063922205e+00
9.809201303533654936e+00,8.993596509973663444e+00,9.175658887452117440e+00,8.886146598537539631e+00,9.448581794723788008e+00,9.032446887612096020e+00,9.044652173852199439e+00,8.889316121517943259e+00
6.120860857129096111e+00,6.042978812112362874e+00,6.194718284678068621e+00,5.139170910941610160e+00,6.214742493018500902e+00,5.369092103224026857e+00,6.687003480008376854e+00,6.252229994409219671e+00
3.856916760018281209e+00,4.141220456403836181e+00,3.511848977776996339e+00,3.587016418773385951e+00,4.355909399880975030e+00,4.365441883855311289e+00,4.279962765207614872e+00,4.069428937162170357e+00
4.502099076020274815e+00,4.557677356948651060e+00,4.458789662543257926e+00,4.800382993454939573e+00,4.745956459474711231e+00,4.328371966378732338e+00,4.563374681641262143e+00,4.305586713324321302e+00
4.333589294864936825e+00,4.127269833163282442e+00,3.920458717684518035e+00,4.556860454062645616e+00,4.083796472796961119e+00,4.114683907386176287e+00,4.303260690235232389e+00,3.853752193714168772e+00
9.109227931397314570e-01,1.255714221258164676e+00,1.292891678815956125e+00,8.800793191754996414e-01,1.332791907300030498e+00,8.890635989098301106e-01,1.144515880046108380e+00,9.931556329768711500e-01
-1.095921088386332176e+00,-1.184668480283638248e+00,-6.302238883836910333e-01,-8.851940592283567000e-01,-7.631432687777631729e-01,-9.266236587405526359e-01,-7.127866892014846911e-01,-3.430097395703676777e-01
1.675646877820455571e-01,-1.549532226484739705e-01,-2.083395725778262875e-01,1.278675692338800303e-02,5.244579810601901482e-02,-8.387734605548181899e-02,-4.327400552539207301e-01,-2.206517122931339336e-01
7.562877884906431536e-01,1.026462075787668793e+00,4.067287182498969811e-01,1.320744676279000274e+00,4.396836165309869759e-02,7.485303248138134302e-01,1.082975397913743532e+00,4.414803204910737189e-01
-1.009465030760884341e+00,-1.730527043434550105e+00,-1.227903057550649102e+00,-1.392636914063927200e+00,-7.737591842818952736e-01,-1.173151870641928829e+00,-1.351552651083085310e+00,-9.335117470283930130e-01
-4.022931245970880809e+00,-4.193386240850085045e+00,-3.554258013886072209e+00,-4.152461955630262658e+00,-4.243988059603569951e+00,-3.693358287763968129e+00,-3.811268205442427615e+00,-4.034567659909907178e+00
-4.308686343957738529e+00,-4.830864814467975776e+00,-4.429763019098536425e+00,-3.930260914058338884e+00,-4.551615340744696425e+00,-4.339762461449860886e+00,-4.710464854517210753e+00,-3.837858899690512082e+00
-4.476684310311887849e+00,-4.096558357882604362e+00,-4.079338461644606895e+00,-3.983030130150962300e+00,-4.789080798662907590e+00,-3.798879496561545110e+00,-4.297930634588166932e+00,-4.228544266824280307e+00
-6.198004447722575527e+00,-6.137586172056501255e+00,-6.417420495484416065e+00,-5.478237272748167186e+00,-6.526575196508392906e+00,-5.528860570307696065e+00,-6.586768539648944376e+00,-5.811969512344012045e+00
-9.538518540344147922e+00,-8.709160102490871580e+00,-8.615702062843858755e+00,-9.216757038944653146e+00,-9.831666675582276582e+00,-8.914013487756076159e+00,-9.205215175488719481e+00,-8.979477390666264824e+00
-1.052873750739025205e+01,-9.552837288114355729e+00,-9.592172674308727665e+00,-9.350310110680000619e+00,-9.829168426735769515e+00,-9.651366242009451923e+00,-1.032021360878886362e+01,-1.009591099113485235e+01
-8.711380903689761368e+00,-8.076482482810328989e+00,-7.718066636494627986e+00,-7.782201367668877268e+00,-8.469007041241761513e+00,-7.334848134646860807e+00,-8.237199333283037106e+00,-8.176784095655685647e+00
-7.040706825141350933e+00,-6.435983147317865694e+00,-6.713660074523497556e+00,-6.600826339495393213e+00,-7.013017688631816071e+00,-6.306670755044693877e+00,-7.078565046423496376e+00,-6.662730861377128555e+00
-7.850936760749949173e+00,-7.373219261768967137e+00,-7.398113050766306209e+00,-6.617212177750217528e+00,-7.879585059105929545e+00,-6.989722847668417671e+00,-7.554771803602946534e+00,-7.133832340754635126e+00
-6.687337327444183188e+00,-5.998906559562397156e+00,-6.359603217996656177e+00,-5.677524833740142718e+00,-6.403469528624040841e+00,-6.368615921847649020e+00,-6.774954944304842464e+00,-6.286629466340752259e+00
-2.223567495844537056e+00,-1.623990261503246213e+00,-2.235711365951372098e+00,-1.773155524512493697e+00,-2.107312458769481367e+00,-2.143280259612514005e+00,-2.196197327967167379e+00,-1.944989769889445830e+00
1.546723851938060612e+00,1.452962638398727080e+00,1.002800876237448291e+00,1.295807184444529803e+00,1.799475423925850359e+00,1.284214121816146248e+00,1.466034810033891800e+00,1.092845851127424162e+00
9.685223201356718548e-01,2.243448247173560173e+00,2.288097606336850109e+00,1.725500567551496722e+00,1.333979129373163319e+00,1.927852488957860766e+00,1.524213314852542522e+00,2.513582281847628330e+00
1.371725473957578600e+00,1.871949013970989562e+00,1.767933191019856576e+00,1.935603074083104946e+00,1.713110969495882818e+00,1.788046500322698407e+00,1.727851841678150091e+00,2.435425107873987915e+00
3.752376936027285836e+00,4.122861760264227016e+00,3.623583568841299840e+00,4.304282182627185094e+00,3.765736296516954074e+00,4.334473017414045337e+00,4.068906685340011542e+00,4.655809793849971179e+00
6.283242373106186385e+00,5.951543583097649304e+00,5.690854774081052447e+00,5.056726928794760489e+00,5.864016575224884953e+00,6.245535017717342541e+00,5.837179843050162908e+00,5.964508096885126065e+00
4.560263659635396039e+00,4.645868418766818664e+00,3.871490103395050841e+00,4.286079513609664104e+00,4.588468407466050003e+00,4.915218439145895069e+00,4.248037919132240603e+00,4.696114601536862665e+00
2.229379351139464394e+00,2.695548159489490558e+00,2.161474174337103094e+00,2.177197466398061998e+00,1.863818355263806126e+00,2.519056878722036430e+00,2.120032853513818871e+00,2.303306746551209816e+00
1.598003556460441565e+00,2.489218445875380326e+00,1.480476701281296492e+00,2.086157755906103528e+00,2.038678330880050016e+00,1.840607374811602970e+00,2.403966807228663072e+00,2.062499937821004714e+00
2.947798541753536394e+00,4.101136790840628876e+00,3.213433017315748597e+00,3.573530609707365358e+00,2.943337093231426671e+00,3.645307842500561168e+00,3.140340144444720316e+00,3.504508293058405943e+00
2.772383525455388131e+00,3.509394366173868463e+00,2.787530838579197479e+00,2.813423932190410426e+00,2.518095466656623760e+00,2.617581273859309388e+00,2.670836187300944076e+00,2.850361743696750771e+00
5.840974482044049010e-01,2.824532735101470959e-01,5.684674245176823959e-01,4.321934755076753953e-01,1.013702379843799628e+00,1.208454901866775621e-01,2.388478772069487222e-01,1.132431280353456859e+00
7.907321842005845536e-01,4.703560452851451856e-01,6.014365019619689612e-01,2.416770473766574889e-01,7.227477740821725005e-01,4.347659176914245860e-01,9.141237277334718359e-01,3.534800301159917169e-01
2.788099278501939615e+00,2.102104346173452765e+00,2.856781638290978531e+00,2.346822358153529464e+00,2.760925894996820951e+00,2.968455252397975475e+00,2.732523582651236183e+00,2.766049188919799118e+00
3.528091812679252648e+00,2.627513002103937900e+00,3.498522633367009416e+00,3.189764959700716940e+00,2.894801886665918644e+00,3.158238440520495072e+00,3.023199925585809300e+00,2.645646434292550087e+00
1.431991274149434057e+00,4.615959445660557936e-01,1.341322318801538405e+00,4.443771566963917174e-01,5.806255808611009428e-01,1.459209600063624546e+00,1.185897642282482067e+00,2.083684150835086735e-01
2.311913117621811065e-01,-1.140786935464350504e+00,4.649309755559044577e-02,-7.868113582733866629e-01,-7.585938474510434126e-01,-5.218026756910909558e-01,-6.172514478513297931e-01,-8.876884826597319922e-01
1.094221183817627452e+00,-3.034891569021266888e-01,1.524870612346177490e+00,1.768942733503538478e-01,3.797207485104527880e-01,1.040286088071156190e+00,2.956725299252514483e-01,-4.912693007740948636e-01
4.648796966548713883e-01,1.118503566987094633e-01,1.180878391905373137e+00,7.927571253777190297e-01,7.351258318313456108e-01,5.434079495113414149e-01,3.049697804890826869e-01,3.336200262537213773e-02
-2.339102957798076421e+00,-2.735386751402205885e+00,-1.619379821503469818e+00,-2.235703035825605145e+00,-1.861043580636093431e+00,-1.996984974350002329e+00,-2.134005393851143406e+00,-2.848226328407512220e+00
-3.755009724475881328e+00,-4.395671464831472974e+00,-3.928345029266676391e+00,-4.096774814853427316e+00,-4.301971692446427298e+00,-4.649408667444954624e+00,-3.732808958466505622e+00,-5.584525391019630192e+00
-2.941243806798842453e+00,-4.054993536153023825e+00,-2.704216546976395463e+00,-3.133793671136873460e+00,-3.906745862030397642e+00,-3.068491599681579363e+00,-3.546316315061306845e+00,-3.677565037343907051e+00
-1.703740648639338273e+00,-9.477721183256462290e-01,-9.702707462703141772e-01,-1.554855772058093999e+00,-1.719297683415973443e+00,-1.591905971779531859e+00,-1.251299869231479400e+00,-2.382655105818781038e+00
-1.985903929121655143e+00,-1.899586837292190244e+00,-1.091900803203195824e+00,-1.629061916189679105e+00,-1.787994519522175585e+00,-1.661549659516966315e+00,-1.663421567071492024e+00,-2.633765373056550008e+00
-1.890971478340172096e+00,-2.209833495512619539e+00,-1.900917010573937027e+00,-2.218797925946608629e+00,-2.175485766790786979e+00,-1.623652469703566803e+00,-1.693203361959281450e+00,-2.229272456322914486e+00
6.206128696264514577e-01,-3.526935516382775915e-01,5.305722887065649207e-01,-3.627147426952267995e-02,8.295651717490472032e-01,5.191870801106950317e-01,4.182854675043867765e-04,-2.988154583019421162e-01
4.728835349534080912e+00,4.399540971473912876e+00,3.931478200118235566e+00,4.036371299670313384e+00,3.611549361911070566e+00,4.269731057917947936e+00,4.130962608720611939e+00,4.262808077739423496e+00
5.874105505570940799e+00,5.775720522148159120e+00,5.498533994147636328e+00,5.299591577669151121e+00,5.674953636364309162e+00,5.283555802818240998e+00,5.636758848567125391e+00,5.415374893187117067e+00
4.725631342999047746e+00,4.705333958254218629e+00,4.918242233595201185e+00,4.399321431661150861e+00,5.303813998390464413e+00,4.474869756866675097e+00,5.430218230455766459e+00,4.754442818438710638e+00
4.725818451710269485e+00,4.471997423645538206e+00,4.994960077630905104e+00,4.206475941466319313e+00,4.733721638817107724e+00,4.671196956327971606e+00,5.098268064527075261e+00,5.326042820869564487e+00
6.671479196145138069e+00,6.759001878243684480e+00,6.080273375387311496e+00,6.066030413962505641e+00,6.727301140570267179e+00,6.703460092871672771e+00,6.453585126081534895e+00,7.204312062489193202e+00
6.321560681094138268e+00,6.276777659302918977e+00,5.849806525338202334e+00,6.943303313172508595e+00,6.568691189451351775e+00,6.832155546298709581e+00,6.648467124641391557e+00,7.106304909914901380e+00
2.879925605848939085e+00,4.005419983630557290e+00,2.920370195424733861e+00,3.253037152015967770e+00,3.482350707252811262e+00,3.426983264484332548e+00,3.933252338369538137e+00,3.703250340785875228e+00
1.135497571120565041e+00,1.306360311138435426e+00,7.679854215452079913e-01,6.382149990866158307e-01,4.352487149143166034e-01,1.414798154681204956e+00,2.074402994800171318e-01,1.281959781517780339e+00
1.078155648076038364e+00,1.230193930506942035e+00,-2.621399952400780275e-01,1.508319697098589707e+00,1.117732976314910642e+00,1.244831410505136349e+00,5.115826764672661842e-01,1.402536715677209056e+00
8.746533500662045935e-01,5.169964041085001183e-01,4.391040840180478466e-01,1.273624991848696153e+00,1.106831292445966453e+00,9.688105722152865473e-01,6.990026347423607955e-01,1.243079135790699397e+00
-2.110149186736753890e+00,-1.426416798401850539e+00,-2.365331766605503816e+00,-9.652735086834209888e-01,-1.357333163422614009e+00,-1.075159737707676699e+00,-1.743269323781978963e+00,-1.233437994867473408e+00
-3.859193845206008611e+00,-3.278037755781824547e+00,-4.360289145129350175e+00,-3.494606387209292286e+00,-4.123021564767354263e+00,-3.150180763382095073e+00,-4.050998111247097633e+00,-3.928380193001744125e+00
-3.293867479110242691e+00,-2.603117498703268140e+00,-3.582901889305277088e+00,-3.002248725805630514e+00,-3.290304970927810047e+00,-2.530283519299695083e+00,-3.783617820623334627e+00,-2.722079457023063753e+00
-1.835733642429971946e+00,-1.245640424418367420e+00,-2.016114762023253348e+00,-1.542628456165086925e+00,-2.158275911367679711e+00,-1.367468802984427523e+00,-1.529923301241986167e+00,-1.421728957993698250e+00
-2.642759489525994265e+00,-3.223205348428966222e+00,-3.035215441978179829e+00,-3.043333288905389900e+00,-3.122735208249930228e+00,-2.859591170500286328e+00,-3.492210164099515346e+00,-2.668236041421612637e+00
-5.345721859014274990e+00,-5.259001275115643637e+00,-5.332246186018196887e+00,-5.219049170403669002e+00,-4.968663656746803881e+00,-5.504945434077007427e+00,-5.685495495626772033e+00,-4.748375073955505066e+00
-5.821226306901684744e+00,-5.591128876102997580e+00,-5.950048763144828889e+00,-5.599939720500437090e+00,-6.147757103467433204e+00,-5.774438325142654094e+00,-5.828827568413968763e+00,-6.140867135346626426e+00
-4.820297260130633532e+00,-5.354110969228678130e+00,-5.155242639897405610e+00,-4.037166567212390866e+00,-5.534563107614246746e+00,-4.361513981302156395e+00,-5.098950898506737772e+00,-4.262453662842158764e+00
-5.809627659372191388e+00,-5.716266419646630403e+00,-5.356084412265018635e+00,-5.367448094584965190e+00,-6.037393233472717391e+00,-5.545686725102038750e+00,-6.239475429659332661e+00,-5.734545444929488589e+00
-9.232501565459406478e+00,-8.357899135708729332e+00,-8.140131207941731617e+00,-8.775148237171986665e+00,-9.277072686636433474e+00,-8.225646124967749273e+00,-9.079664167029115163e+00,-8.482168852250909552e+00
-9.506405172261676029e+00,-9.312426430672147148e+00,-8.957288784814608107e+00,-8.864013093256843945e+00,-1.004611780524916220e+01,-9.100146979527526270e+00,-9.525393782117072661e+00,-9.582558070406637540e+00
-7.498551881875075154e+00,-7.555379392102560487e+00,-7.503713619072492236e+00,-5.802853100699309152e+00,-7.771181896448804416e+00,-6.979245219346088547e+00,-7.447981974243966796e+00,-7.802944771842129867e+00
-5.798204333546364886e+00,-5.201231356542132644e+00,-5.085611626075115410e+00,-4.517247029455483620e+00,-5.642910009548342209e+00,-5.040017878628893833e+00,-5.232335158765992311e+00,-5.451112545685783850e+00
-4.848845486195097365e+00,-5.209962883140795142e+00,-4.980374794540071370e+00,-5.113322014126294057e+00,-5.135093877096670312e+00,-4.984049513487622818e+00,-5.672766688099446952e+00,-5.258323255896497628e+00
-3.664927413268225909e+00,-4.095792084600345717e+00,-4.404439214151719462e+00,-3.745360105738481327e+00,-4.041094140350514508e+00,-3.488395645150805802e+00,-3.882260110906849970e+00,-3.986215903631139312e+00
4.077661800881057230e-01,-1.690414276280912120e-01,2.751974454068506232e-03,-2.226040274674814801e-01,1.568985984736165351e-01,-7.191413355980515176e-02,3.466485694876606655e-02,-5.940995953225403081e-02
4.260190040590507543e+00,3.918466717263392685e+00,4.060198600026546423e+00,3.516549804203413565e+00,3.884936230078207764e+00,4.019609266795984404e+00,4.183121750278690598e+00,3.531321585190398515e+00
5.758578008271395099e+00,5.099859369360454586e+00,5.735813648852886359e+00,4.765544522013762219e+00,5.253790269142987412e+00,4.765064010939590311e+00,5.684654377254452662e+00,4.896248324589800305e+00
5.417868000434934217e+00,5.236258305010956349e+00,5.752635882954162838e+00,4.804614831722685331e+00,5.591217505954618971e+00,5.206366846577695107e+00,5.162565836765353744e+00,6.024835463275066694e+00
7.392533477289271460e+00,6.908402806624800441e+00,6.542186352193811061e+00,6.063057689901386382e+00,7.270348960047241960e+00,7.290881654171810666e+00,7.003128096068460096e+00,6.975062102953097920e+00
9.203450084346071591e+00,9.099302376707543161e+00,9.958419179539628630e+00,8.491069676259686005e+00,9.602904755404150450e+00,9.602915689609497818e+00,9.292064934804493248e+00,9.892159673519140384e+00
8.816515617895161583e+00,8.467758066677959050e+00,8.091425141740758775e+00,8.077995793463955465e+00,9.003941516576785986e+00,8.423015043937459367e+00,8.617303499260307476e+00,8.297198284576865035e+00
5.929980860300450907e+00,5.137620287266404517e+00,5.884247284320380800e+00,5.270795861290139328e+00,5.986862031311803278e+00,5.848123746750441221e+00,5.918367711151402588e+00,5.673126688421096020e+00
4.620573510091745106e+00,4.999720837721728373e+00,5.007654818700065569e+00,4.710748918709126265e+00,5.246123011548490922e+00,4.817641233232241582e+00,4.840686120382235558e+00,4.943227035331387853e+00
6.027871444247760557e+00,5.895614511910744149e+00,5.490765025102865238e+00,5.324349145420405272e+00,6.654284253551937311e+00,6.105664780119180790e+00,5.535651170032016566e+00,5.466458711498130008e+00
5.512414332715872334e+00,5.361375025139044403e+00,5.482388642283090086e+00,5.406905072143946889e+00,5.563146395202228867e+00,5.534127003610255002e+00,5.457152952476568508e+00,5.609369523760982190e+00
3.556927419632888387e+00,3.033821740035246073e+00,2.842816536800964133e+00,2.273384108698116357e+00,3.376757552934612772e+00,2.884772822773506551e+00,3.173375284442969235e+00,2.566869793137297240e+00
2.236761328245081337e+00,9.925467088514102754e-01,2.056261260381770040e+00,1.984572834997065272e+00,2.056254859689036429e+00,1.764862314047167091e+00,1.991987609182911845e+00,1.572636321625818345e+00
3.489189033686701524e+00,2.374832445262181402e+00,3.542775054599836437e+00,2.391919313318748408e+00,2.876085610117621538e+00,3.265346899319844898e+00,3.752214481892762521e+00,2.821549601650974015e+00
4.190335835435623935e+00,3.566507248858954426e+00,4.528891692682863734e+00,3.125425983509918293e+00,3.531268353701083385e+00,3.573717116541168970e+00,4.537817064937381240e+00,3.692407794637639906e+00
1.847157780825710249e+00,1.129256948266024851e+00,1.975138630077809321e+00,1.263931224652762086e+00,1.259766996007467998e+00,1.251024121923396182e+00,1.845942987077371367e+00,1.664278382843579873e+00
-5.947129404381684692e-01,-1.196856020125045772e+00,-4.059664229747211306e-01,-6.898124517942715306e-01,-1.163395582771784120e+00,-5.270417863480761911e-01,-3.553157097538092168e-01,-1.222294175507536274e+00
-8.673332866711813693e-01,-1.340200341512656657e+00,1.628971581623472886e-02,-9.844770365872546058e-01,-9.662340820458380497e-01,-1.625090544416053495e-01,-5.342950015592455859e-01,-6.599342963757097724e-01
-5.661864391436353117e-01,-8.642957893104896705e-01,-7.602691968675209799e-02,-7.017892217053954829e-01,-7.296426483716137446e-01,-1.183640913634196323e+00,-1.833613498470709757e-01,-1.306853507565119976e+00
-3.408275454562872397e+00,-3.286921751690757176e+00,-2.668215531283980813e+00,-3.301123799100206480e+00,-3.172790098857127372e+00,-3.694380659237174402e+00,-2.736543906936135695e+00,-3.500943870598701047e+00
-6.786434753936439357e+00,-6.468012284922426858e+00,-6.305840462888133935e+00,-6.608188801973764903e+00,-6.634950212103901457e+00,-6.653231994092674739e+00,-6.157602884312342262e+00,-6.729025487839592756e+00
-6.514677264279985280e+00,-6.774050352447988033e+00,-6.688425163592397027e+00,-6.503318941647204809e+00,-7.054129234966413975e+00,-6.499691163181831932e+00,-6.419542286453249424e+00,-7.346920870082982447e+00
-4.876378240205979431e+00,-5.508345004563956593e+00,-4.902993416931213488e+00,-4.907615910574879337e+00,-5.798161460416356050e+00,-4.420419122325774275e+00,-4.970710129714458247e+00,-5.158450396635479329e+00
-5.373158605384928954e+00,-4.385488334621999051e+00,-4.813547303081600504e+00,-4.712347509243000943e+00,-4.919112453606170554e+00,-4.312786633843518125e+00,-4.744277813816711209e+00,-4.914502344162194447e+00
-5.756021625188854074e+00,-5.073351718041819503e+00,-5.340558422955300699e+00,-5.109763908696381307e+00,-5.737625623032305278e+00,-5.340603802000402744e+00,-5.722254655011329127e+00,-5.891350846473406122e+00
-3.890846577034162035e+00,-3.694345920440781139e+00,-3.831751322515563274e+00,-4.117052736123999246e+00,-4.085270806950824785e+00,-3.771434983667722118e+00,-3.932818747123919323e+00,-3.828357537374350361e+00
-2.359428005283098484e-02,-2.998015319122189770e-01,-4.051026345148306951e-01,5.539073601332872299e-02,4.134452866494574552e-01,-3.793461264608479766e-01,-5.243472969551357110e-01,1.241180133722673828e-01
2.228432977507988522e+00,2.433577106188146821e+00,2.252936356548394414e+00,1.729534998665904544e+00,2.487307801600364687e+00,1.934784807306641596e+00,1.863731622754360551e+00,2.476947909283012894e+00
1.439627269228694439e+00,2.022330414391592779e+00,1.670540374802705896e+00,1.654761128501969436e+00,1.927110035986283609e+00,1.461407003181900421e+00,7.059801755315161520e-01,2.121906341455967571e+00
1.144040144394449010e+00,2.258287683694142789e+00,1.245972411139679714e+00,1.389124721871866308e+00,1.438039494115542771e+00,9.660035314356878455e-01,1.908094374458531695e+00,2.194383514209933494e+00
2.972451686569634433e+00,3.516834497659004910e+00,2.787760219722280386e+00,3.925372152211195509e+00,3.531580378050617863e+00,3.053267360352254656e+00,3.260238440900258272e+00,4.088062694727686797e+00
4.158914815196522063e+00,4.580373177209594360e+00,4.246068745038967585e+00,4.481532480330506552e+00,4.462702019112953167e+00,3.929121822685281540e+00,4.276684364867496591e+00,5.040194203497827985e+00
1.778706401505819601e+00,2.594552841229765150e+00,1.365335735380565740e+00,2.516345426253395523e+00,1.899131668574033371e+00,2.232961530301698971e+00,2.251307630997791076e+00,2.420915827346230120e+00
-5.646419614907742801e-01,-1.379126488232355618e-01,-1.175589822781521576e+00,-5.513458613428390276e-01,-3.245334404177009358e-01,-4.165450972843992572e-01,-6.529218082121587274e-01,7.680827949664693621e-01
-5.221248041319803690e-01,-3.472753055830996027e-01,-1.182875007933188671e+00,-1.050486070779007020e-01,-2.856110418148630758e-01,-1.226269019714238684e-01,-1.724180787356641709e-01,-4.108471882280874121e-01
-3.752969199612574830e-02,9.480253587308121732e-01,-4.482752243757342492e-01,4.736431938952463394e-01,9.035468687428527268e-02,2.307522233071568341e-02,-1.163499602627858232e-01,6.065771654762920351e-01
-1.757817312335783200e+00,-4.770222074978205384e-01,-1.954923694574001169e+00,-7.880611093910475651e-01,-6.824060558452971215e-01,-1.298936794396954753e+00,-4.390049853598364527e-01,-8.625749409488123742e-01
-3.540380673845950010e+00,-2.834405911528923294e+00,-3.325594465365774965e+00,-2.923773521577090140e+00,-3.164942353406805076e+00,-2.821051205407815843e+00,-2.952126756120750262e+00,-2.282490243088929116e+00
-2.779231217337651660e+00,-2.389088963012821587e+00,-3.088561329003498113e+00,-2.638230271280644690e+00,-3.223406937368065162e+00,-3.404635055209939143e+00,-2.697470296956936853e+00,-2.827468784984290995e+00
-6.867355121584268751e-01,-5.268420775929247846e-01,3.447638642827068889e-01,-7.643838638267669294e-01,-6.170742105015847301e-01,-1.536184500284836218e-01,-2.041853427989889780e-01,-2.317084497296868772e-01
-7.399833813467973087e-01,-1.481847023747501768e-01,-7.788589360396620531e-01,-9.477090315012131061e-01,-5.692143230935921006e-01,-1.162560532650995349e+00,-1.003927740184008988e+00,-3.770292900536569292e-01
-2.562173965947293741e+00,-3.099308760117574835e+00,-2.844952292150360051e+00,-3.435086281064344771e+00,-2.531654375355888664e+00,-2.546836518568123875e+00,-2.869765217777222599e+00,-2.575240614304521447e+00
-3.434846626758063959e+00,-3.764349833466321904e+00,-2.910065772845165100e+00,-3.769421676000569210e+00,-3.648994358449618058e+00,-3.767092580091100817e+00,-3.022417809704319058e+00,-3.098254521620011914e+00
-2.128471657316222565e+00,-2.297283903734330668e+00,-1.220003386333552431e+00,-1.927568521693538095e+00,-2.010541174630586791e+00,-1.837034431658044920e+00,-2.665862910495685689e+00,-1.899448809941515881e+00
-1.905748328709872652e+00,-2.102104484514687677e+00,-1.690745261677177202e+00,-2.609018153345155966e+00,-2.292020135459664765e+00,-1.194946435202813628e+00,-1.962799358126059213e+00,-2.581981468277315894e+00
-4.596085338797965214e+00,-5.264771994301290725e+00,-4.003078052695360434e+00,-4.946044719764099540e+00,-5.226464805534553726e+00,-5.237420587578673015e+00,-4.397539721894576203e+00,-4.967340072615054503e+00
-5.771657396396650874e+00,-6.541543876091784782e+00,-6.104269967068850278e+00,-5.307001362653998910e+00,-6.614817243198144681e+00,-5.642350884735938266e+00,-5.284200227767686719e+00,-7.031171935841392440e+00
-3.947281661740646985e+00,-4.919864278362469534e+00,-3.965977164954674894e+00,-4.200356135643549038e+00,-4.013159885179514497e+00,-4.535861241457416426e+00,-4.495071496004283240e+00,-4.674727017586391753e+00
-2.162545781256119959e+00,-2.094493464849097375e+00,-1.923244300371361293e+00,-1.748955321203512714e+00,-1.749014782563755643e+00,-1.666419749378684312e+00,-1.312382050832728630e+00,-2.752170094164357650e+00
-1.797116010906595784e+00,-2.311083247438356469e+00,-2.066189134996433641e+00,-1.599002245573447611e+00,-1.804062157960508506e+00,-1.755997831802376785e+00,-1.805555948154106138e+00,-2.390880953441867351e+00
-7.769851127583909944e-01,-1.715851897323197539e+00,-1.095976115407974349e+00,-1.321674232704469265e+00,-9.656098695231136730e-01,-1.327735656286789911e+00,-1.361568582414391271e+00,-2.359386412056897253e+00
1.846089960946735387e+00,1.916549424502383747e+00,1.513733848231070267e+00,1.220729533163679603e+00,2.350630363921238253e+00,1.617336330785140941e+00,1.760354252232311678e+00,1.727920765013231552e+00
5.745656908258542472e+00,5.633344831914004480e+00,5.889645771616283554e+00,5.593235312444010177e+00,6.472772465571488887e+00,6.166389975585492955e+00,5.936770250999156673e+00,5.354475827454503900e+00
7.187097500112038517e+00,7.210208311713593332e+00,7.409967421025540624e+00,6.383504403440622532e+00,7.411065476684101760e+00,6.749785247667354326e+00,7.712195762946167932e+00,7.350785298166520931e+00
7.255164519696899461e+00,6.547550178476607030e+00,6.754591939772171649e+00,7.018091562881932255e+00,7.759870310023692319e+00,7.001064719702964290e+00,6.745179627814000156e+00,6.517189142749778341e+00
8.251612702738643890e+00,7.884575827605772247e+00,8.067957981538858903e+00,6.805859736965955697e+00,8.454153388853155704e+00,7.514806614540001206e+00,8.313357921418822016e+00,7.699015554741886369e+00
1.012868697353123082e+01,9.847350654575580009e+00,9.931560824306819413e+00,8.984588221791101503e+00,1.015433392370459664e+01,9.219546880102573283e+00,9.858571808490760091e+00,1.028592987223755095e+01
9.839568484714062535e+00,8.944798093131190342e+00,9.409635952990088370e+00,8.461433892958773129e+00,9.429490914094870391e+00,9.563406899215394219e+00,9.069232125639873132e+00,9.480511973620449950e+00
5.392528722555623766e+00,5.970400691716721830e+00,6.096730512721237005e+00,5.245899642421639086e+00,6.462310252588181925e+00,5.942489007448291893e+00,6.064730567253794113e+00,6.410525707572620746e+00
4.284941038428854654e+00,4.443086506018089743e+00,4.213369301295639247e+00,4.276371557262349299e+00,3.874332670751075014e+00,4.659819650637929911e+00,4.358082879479773908e+00,4.538600714936337432e+00
4.987616898925410602e+00,4.702951696912677448e+00,4.266586328037756282e+00,5.121612951921965973e+00,4.935704109184380961e+00,4.925982583074395293e+00,4.566918022585147341e+00,4.217639394193676061e+00
3.680502978964963923e+00,3.717430970063145601e+00,3.912036279389357940e+00,3.866672012926674284e+00,3.913730321135183488e+00,3.885637101374087354e+00,4.169171499132657388e+00,4.419532471638007998e+00
1.089768484437195983e+00,1.516712172521068158e+00,1.221301310421975650e+00,8.486492856637197768e-01,1.449204509031977617e+00,1.291574685018096247e+00,1.529091577293648641e+00,7.326752354210576135e-01
-1.048616198378463871e+00,-1.077458046322477214e+00,-8.493195290820719778e-01,-1.457454247622329335e+00,-9.077007005567316877e-01,-7.156061970029808927e-01,-4.321228056529197725e-01,-6.142903895525878566e-01
-2.683038138233868053e-01,4.237539209881807656e-01,-1.191582929752555142e-01,-7.323261555675374124e-02,-7.932561381753325258e-02,4.578909599958103649e-01,-9.302859257695200723e-02,-1.480013143801190423e-01
7.248700217029910853e-01,1.059304511543950778e+00,7.920837779974634341e-01,6.914669710561222038e-01,5.241416375198010291e-01,8.831728929122243388e-01,4.435826364651917486e-01,5.590304471242903972e-01
-7.754648528684143782e-01,-1.233061111393739973e+00,-1.313114719344812720e+00,-1.440165067624695094e+00,-1.386390905738533075e+00,-1.264183838969788143e+00,-1.297400995065669305e+00,-9.879859720830040937e-01
-3.467621205786089789e+00,-4.089349734357495159e+00,-3.694511160171277453e+00,-3.942984172527461251e+00,-3.632987701738051189e+00,-4.185044688939378865e+00,-4.017713587801463149e+00,-3.686355515354848400e+00
-4.619967205896648110e+00,-4.647648312644941271e+00,-4.295366400266284579e+00,-4.276326638752540710e+00,-4.310284238464194395e+00,-4.574742855037049694e+00,-5.088341592956304282e+00,-4.174910490341907199e+00
-3.594642811880374822e+00,-3.926406301282045597e+00,-4.070077589678363417e+00,-3.773668406954129750e+00,-4.269306709704082436e+00,-3.696151233801936442e+00,-4.524253211055267343e+00,-4.006224608517620744e+00
-6.183706109390509020e+00,-6.132229668574870729e+00,-6.069688838704204059e+00,-5.789735247028446885e+00,-6.392863397802904579e+00,-5.961580198051191104e+00,-6.438829379950038678e+00,-6.026177575872078584e+00
-8.949204228024941088e+00,-9.081707240791363489e+00,-9.504615947544039045e+00,-9.104100698283261295e+00,-9.376711558478346475e+00,-9.203425033602398386e+00,-9.495488924010336618e+00,-9.146076614136147143e+00
-1.019195982505527986e+01,-9.443231924415810496e+00,-9.546234364365378866e+00,-9.099190358110501364e+00,-9.931094437856284429e+00,-9.809706233008075316e+00,-1.028577179367018779e+01,-9.848381018819310384e+00
-8.203020171515253978e+00,-7.851483496134783913e+00,-7.925450130017464012e+00,-7.280568188344439307e+00,-8.542208473853197148e+00,-7.803711252674169430e+00,-7.879160403794141843e+00,-7.791501113407122148e+00
-7.136789193931028841e+00,-6.822209372799316718e+00,-7.262817696429447523e+00,-6.017688947758414564e+00,-7.263673345003638815e+00,-7.049202339646148729e+00,-7.560419162685914074e+00,-6.823940982323321691e+00
-6.791994942274507174e+00,-7.499133349107893309e+00,-7.328561234348923925e+00,-6.631949919454426023e+00,-8.231046392174610205e+00,-7.409405191556373893e+00,-8.065054667868290394e+00,-7.053464768777121918e+00
-6.125267570496732539e+00,-6.145149471987166656e+00,-6.454439204381284156e+00,-6.089081837128430763e+00,-5.930753213649776256e+00,-5.482701560041892463e+00,-6.363292505693132206e+00,-6.351608778092793450e+00
-2.406893173753206661e+00,-2.266654560968063947e+00,-2.608532322818613469e+00,-2.107690464584115464e+00,-1.414140131899247699e+00,-1.952821991854601480e+00,-2.179651409562951336e+00,-1.645841121524171946e+00
1.499017555816075431e+00,1.819435501022472090e+00,1.437436872380871922e+00,1.293769856016689701e+00,1.438346673264035092e+00,1.577993853592165152e+00,7.910725825833937463e-01,1.438620904458198790e+00
1.544193912622282783e+00,2.518265864901838569e+00,1.336546283142850511e+00,1.474817767037012617e+00,1.263431889611631220e+00,9.503392273671739110e-01,1.455690072415778857e+00,2.417976830935788524e+00
1.673792026058248394e+00,2.531900715466133711e+00,1.478489854567419659e+00,2.071844656745758240e+00,2.290477191051357497e+00,1.964943818733662972e+00,1.674958222716454781e+00,3.006552318570853810e+00
4.301823276563573550e+00,3.820720379453752535e+00,3.775077707351555123e+00,4.114800223485103103e+00,4.078701096379248270e+00,3.945006616068214900e+00,3.902195485980623157e+00,4.562229485558536801e+00
5.854214389421449560e+00,6.365911252628956518e+00,5.893982508668218934e+00,6.174026132159409208e+00,5.991262378653998688e+00,5.706532022226922685e+00,5.920532417801068092e+00,6.510116935284860240e+00
4.559060339113094606e+00,5.242191948250343181e+00,4.180761966011785624e+00,4.654553911111728226e+00,5.019921339760928802e+00,4.609755285769018940e+00,4.358718904521399651e+00,5.252491321940094160e+00
2.003379745560609493e+00,2.228747698603478433e+00,1.350387020916691938e+00,2.192063468303304674e+00,2.424528969144666757e+00,2.008647133234273241e+00,2.574287580616299920e+00,1.826377540791451759e+00
2.041026770180071281e+00,2.331013786987434777e+00,1.841960531257219147e+00,2.475735624798165890e+00,2.112490022263003198e+00,1.514543070242837075e+00,2.252206248147094136e+00,2.107564473222232948e+00
3.411149073565443501e+00,2.985785689395514808e+00,2.917610470250390886e+00,3.593435938869766755e+00,3.352869747730860883e+00,3.777191575015311997e+00,3.213558872432353830e+00,3.578512168184884601e+00
2.056949330626946182e+00,2.909121955397091064e+00,3.034114741115088165e+00,2.753592135383762241e+00,2.861242900353180740e+00,2.872745254550393756e+00,2.811534202156960482e+00,1.806222888010030392e+00
7.665869495065611439e-01,2.726004642593647387e-01,4.527009446567493711e-01,9.677897445848354652e-01,5.307365941169586154e-01,5.213826531700120892e-01,6.905418699690824003e-01,1.585049616453393373e-01
3.315047125922630511e-01,5.091208124604197360e-01,-9.741514495351411007e-02,4.342872711186553936e-01,2.689002129169452693e-01,2.311516456864504687e-01,9.961255849357082415e-01,6.897425311396656600e-01
2.411710835112707230e+00,1.986603564509868525e+00,2.960750504480933021e+00,2.329170623598853851e+00,2.604916638901607406e+00,2.130076907877710646e+00,2.580116316027747825e+00,2.732327460125983709e+00
3.427125321585240858e+00,3.023652247771671853e+00,4.098834300111191986e+00,2.593795277120575005e+00,3.297513240526186884e+00,3.087183649605349967e+00,3.508461424983718935e+00,3.006933735597488777e+00
1.409749849672185418e+00,9.579745002707082957e-01,1.987107952043355663e+00,8.748871742816748398e-01,9.880200285285739570e-01,1.337899076649410546e+00,1.170774304974219415e+00,9.755116015590136191e-01
-2.101907543350777507e-01,-1.058594431737517771e+00,7.306244131133755593e-01,-3.968541787775570762e-01,-8.408996042653140712e-01,-5.140217762493106690e-01,1.912985715518383811e-01,-7.174667183203551346e-01
1.101428256534708439e+00,-3.289997494557025393e-01,7.750654446364886319e-01,1.067153887208295987e-01,6.894030829919479686e-01,-1.088832198345326407e-01,9.929886251552266785e-01,1.546656868209001223e-01
5.481887450611251378e-01,-4.916712425102108819e-01,1.487085100503949819e+00,7.170265335493319903e-01,-3.469706331696604806e-01,5.576865999677450558e-01,8.021036308223932210e-01,-6.573606017754830833e-02
-1.787005515827543745e+00,-2.450295286108802983e+00,-1.600239302609608449e+00,-2.736615067946154944e+00,-2.265663352285178345e+00,-2.019731951870109565e+00,-1.892656408888703456e+00,-2.579346286178239911e+00
-4.230995584251178165e+00,-4.822787732857197085e+00,-3.706168930383089588e+00,-4.401052824099044969e+00,-4.677214937557548247e+00,-4.006378553246190855e+00,-3.988028460762560012e+00,-5.187955090917945711e+00
-3.311537515879165561e+00,-4.244973298632134018e+00,-3.416213479807418185e+00,-3.515415965747658689e+00,-3.641025139448534009e+00,-3.219640468545839074e+00,-3.380515823814620902e+00,-3.819327577847209554e+00
-1.313894457391122206e+00,-1.654737182460870315e+00,-1.366289465684430660e+00,-1.753827804283062619e+00,-1.558164090796305246e+00,-2.337015193330322482e+00,-8.870752742333797292e-01,-1.764918769036464496e+00
-1.730321192044716128e+00,-1.899162616561954842e+00,-1.462873565881645188e+00,-8.506879110717785464e-01,-1.353562318032376144e+00,-1.303862706365499502e+00,-1.388990117631298649e+00,-1.728505741963855646e+00
-1.703397121405455517e+00,-2.554159575681295369e+00,-1.554094066858208389e+00,-2.139939614138765211e+00,-2.328850299747999841e+00,-2.309065461683556642e+00,-2.042756275442090708e+00,-2.621156621978447454e+00
3.602621122215007854e-01,-1.304629179908021464e-01,5.987792841553738477e-01,-8.184376547828134396e-02,3.944015038609482993e-01,-2.547983429629049335e-01,1.703583599245184210e-01,-3.663633613498793462e-01
3.621973116810320636e+00,4.209104805714609654e+00,4.207592456402782233e+00,3.787887975527414852e+00,4.198894949376701824e+00,3.873573624642777435e+00,3.755283554832578474e+00,4.318850365857380247e+00
5.131638801821384099e+00,5.620751401033841077e+00,5.171291778134738060e+00,4.629444462934737103e+00,5.231894868586010716e+00,5.515504475743727042e+00,5.787871194034425848e+00,5.798565354367949176e+00
4.833450564095976176e+00,4.577251378583848229e+00,4.533809057192775605e+00,4.100774141306724907e+00,5.510451402861864523e+00,3.997942133372213380e+00,4.485873268735951491e+00,5.015287427974653767e+00
4.927467442849845725e+00,5.061769693818888527e+00,4.508841829072389729e+00,4.839014985413918168e+00,4.741856549155134104e+00,4.900526200754017125e+00,5.238584953789372278e+00,5.032503682542935231e+00
6.637017774571337014e+00,6.347528228010049567e+00,6.635749056180686445e+00,6.167593830695016877e+00,7.046274549842835633e+00,6.697706292929207272e+00,6.243575814179624928e+00,7.154045392068767661e+00
6.402945355300677654e+00,6.622918003326225822e+00,6.459919917055958472e+00,6.051606716899351035e+00,6.844390721980992964e+00,6.380179004640307738e+00,6.481124870238232916e+00,6.550176370814173588e+00
3.252113929420911820e+00,3.610910103734761289e+00,3.204675225390249071e+00,3.699242560557166826e+00,3.632028658568001944e+00,3.056252208856969688e+00,3.636867124773485394e+00,3.920391389228651491e+00
8.051657588160318069e-01,9.226509390328329063e-01,2.357988331921206937e-02,1.272722918045641194e+00,7.656627981476633593e-01,5.285174278171763662e-01,5.065700723817900819e-02,1.537040774933232878e+00
2.092736571791780076e-01,1.332199719747890532e+00,-5.093303825861763556e-01,1.234087089070186938e+00,1.187322953555694172e+00,1.283452724569331904e+00,1.369806952375586029e+00,1.668161796772610117e+00
1.822472671293354218e-01,1.013779066689354913e+00,-1.744843672921210231e-01,1.052547227032024857e+00,4.388348655090901218e-01,5.858835845008361076e-01,6.424863433169130111e-01,1.395465610453581862e+00
-2.161891224760308372e+00,-9.784457924713836352e-01,-1.526030673708972607e+00,-1.210561303277751799e+00,-1.529594397530253946e+00,-1.004432021300692757e+00,-1.575814240990830228e+00,-1.605247025774598102e+00
-4.029024642344518625e+00,-3.318808463802342068e+00,-4.290366328867571966e+00,-3.694437253097262897e+00,-4.031071865445708724e+00,-3.711522594733800418e+00,-3.779736334093172001e+00,-3.435592669248540787e+00
-3.112271188365640651e+00,-3.842130570429297176e+00,-3.698790749365497010e+00,-3.205078734341145097e+00,-3.519447590784069657e+00,-3.158520564194915003e+00,-3.174509424110657285e+00,-2.259927180839707894e+00
-2.097899161163152115e+00,-1.221299656813086276e+00,-1.397164170961424867e+00,-1.805077490908543858e+00,-1.759819503261003115e+00,-2.235962517988263176e+00,-1.868944935829197629e+00,-1.694964544868842626e+00
-3.768169022887081887e+00,-3.659891217362416960e+00,-2.495528676433975690e+00,-2.813928159851423416e+00,-2.699712647202630933e+00,-2.911308495636322213e+00,-2.766212209444678827e+00,-2.561905757589524768e+00
-6.047531060655735757e+00,-5.534281674826311281e+00,-5.327073687555142101e+00,-5.503087244783086085e+00,-5.717680763449084047e+00,-5.255861803056780523e+00,-5.469710438863439883e+00,-4.707647677492670546e+00
-6.293141594631648239e+00,-5.588179030770411337e+00,-5.877493020474712004e+00,-6.157861179176033595e+00,-5.942261389768432878e+00,-6.348182202566530208e+00,-5.614312403932349760e+00,-5.527376868850413238e+00
-5.178687811390862983e+00,-4.951796317129734781e+00,-4.756135788285097199e+00,-4.526484736439341461e+00,-5.163382935184716693e+00,-4.714115569707913345e+00,-4.933197178506603109e+00,-4.011617660106094441e+00
-6.034381669949074656e+00,-6.153750859775356297e+00,-5.521896456505447581e+00,-5.322869139818330098e+00,-6.359313498443128765e+00,-5.649113785662500220e+00,-5.356266523623411047e+00,-5.947724276307564395e+00
-8.685843889650957550e+00,-8.768172973716344742e+00,-7.885978673690596352e+00,-7.564657296980477064e+00,-8.948919536789842866e+00,-8.555132370678164122e+00,-8.404737818045713738e+00,-8.874351041524105810e+00
-9.625015394731741836e+00,-8.914125331322098944e+00,-9.083500850550406014e+00,-9.036318973928029408e+00,-9.776260454732307537e+00,-8.859164409875422308e+00,-9.998119061039378863e+00,-9.096807205297164245e+00
-7.016892411057242818e+00,-7.576182194646719381e+00,-6.823684560281453315e+00,-6.535874163744749943e+00,-7.667842929415729536e+00,-7.541554931250219695e+00,-6.437542300972401321e+00,-7.661586486566521081e+00
-5.617057237958784199e+00,-4.764824593231418604e+00,-4.824506039129324186e+00,-4.683343126168565185e+00,-5.381072295292899099e+00,-4.887373302012617771e+00,-5.466207718820064621e+00,-5.468259972791319257e+00
-5.612085859828000345e+00,-5.128301883776971160e+00,-5.534071251589468332e+00,-4.946206599321376629e+00,-5.345790719461994911e+00,-4.538846761639290683e+00,-4.803668139221665356e+00,-5.378440691422201603e+00
-4.039963353977768179e+00,-4.409088962368715947e+00,-3.868620025877602675e+00,-3.699391983442714249e+00,-4.691808509236357949e+00,-3.571842702292523875e+00,-4.118132799037274694e+00,-3.878286695536103945e+00
-4.606926209782856163e-01,-1.749345216912543688e-01,-8.837062639892782900e-02,2.325687560547748944e-01,-4.954577985722609101e-01,1.169420161611147424e-01,3.183270772803268867e-01,1.842803904071169119e-01
4.300533527129531741e+00,3.746203060905136439e+00,3.340250034887621844e+00,4.020915388626539411e+00,4.342018935716880357e+00,3.913321411183116716e+00,3.919627158712999826e+00,4.326203011804565790e+00
5.384156427103630627e+00,5.371638814322255762e+00,4.544717588686821408e+00,4.793363419469802267e+00,5.171598647135468241e+00,4.833936542097410083e+00,5.440054706709477550e+00,5.238017464594229011e+00
5.370019299278919966e+00,5.323250266448884105e+00,4.869851788394768732e+00,4.669897867384656287e+00,5.600229520419746976e+00,4.900499788464042439e+00,5.217947322658576859e+00,5.773730781870651363e+00
7.808177126364789444e+00,6.483982495319058792e+00,7.200860238770717459e+00,6.214378170992357120e+00,7.693124429096596550e+00,7.044020074931768960e+00,7.694574037965466573e+00,8.510570110902982321e+00
9.344829261896244077e+00,9.101119419662143883e+00,9.244380947423316286e+00,8.594042129835971267e+00,9.305128836272809068e+00,8.873393194184647115e+00,9.587994473533655082e+00,9.671429465724253660e+00
9.315507677702651534e+00,8.181096156498259830e+00,8.421302870239371074e+00,7.888292867338666525e+00,8.448072732444863675e+00,8.589232831943784063e+00,8.955844262507673292e+00,8.607325968066113830e+00
5.844235647004644818e+00,6.101948055572719021e+00,6.175328340828110107e+00,5.056056285357945157e+00,6.593823340390731147e+00,6.315765617167617307e+00,5.296434118146830627e+00,5.338504570041755493e+00
4.628264211651012872e+00,4.451580564115865890e+00,4.335778539983000890e+00,4.724282727371601709e+00,5.283776369706618681e+00,4.845141359345035426e+00,5.064223637426178648e+00,4.564420122656269285e+00
6.064206452090946442e+00,6.377052172452893686e+00,5.781242086900048704e+00,6.047738004308835791e+00,6.050693519743841620e+00,5.543940735225592498e+00,6.265742236459180603e+00,5.648403975287957124e+00
5.213459641777235198e+00,5.339478545304642942e+00,5.425738960975458269e+00,4.920252217879164114e+00,5.334521899104396780e+00,5.036514033965516113e+00,5.692516124672141409e+00,4.971324910953074827e+00
2.792132315295437817e+00,2.397021125842881961e+00,2.654194725119268572e+00,2.713544268539564985e+00,2.869823955346666011e+00,3.100263172111532572e+00,3.353774748672254447e+00,2.539327935358717259e+00
2.087607319695750530e+00,1.375209112663158928e+00,1.898460282516974518e+00,1.181519202556917669e+00,1.531272138662889581e+00,1.705612352675950572e+00,1.841338843765680355e+00,1.967785890778154467e+00
3.652430028554358277e+00,2.726496953989408834e+00,2.993588563660398716e+00,2.815170147350566587e+00,3.581281860390896910e+00,3.392819483121037205e+00,3.406984272455470197e+00,3.275981779267548966e+00
3.929049332419016327e+00,3.101980574657236644e+00,4.592961712254294504e+00,3.246093390871600093e+00,3.628884116398237047e+00,3.501872572247024973e+00,4.305539131072735337e+00,3.447141893592027717e+00
2.130115610908293267e+00,1.159840062723614285e+00,1.748034401374784386e+00,1.319288678325069242e+00,1.837906137393238604e+00,1.572960223808677949e+00,9.345361546061455860e-01,8.281565774887857945e-01
-1.865864175931666313e-01,-1.616283768290184941e+00,2.538158472867217963e-01,-1.392718879396221965e+00,-1.027133783622957264e+00,-1.086740142484464267e+00,-5.932667519847777404e-01,-7.816981013498558450e-01
-1.117146004856610086e-01,-1.855672081582334876e+00,-3.222718512761078569e-01,-7.754918233100662750e-01,-1.252152213298943551e+00,-1.195424301692659119e+00,-8.644927370362013308e-01,-1.193564415638848297e+00
-3.620468537239434070e-01,-1.177504832837019899e+00,5.827036047531858332e-02,-9.443628298588702119e-01,-1.041926339200403895e+00,-9.426303727147981038e-01,-9.700265639914751326e-01,-1.641324892732192620e+00
-2.775417363941462767e+00,-4.107570263513513176e+00,-2.903750410277646576e+00,-3.501265982480626260e+00,-4.336587657119023831e+00,-3.675655604551379518e+00,-3.190836729940774052e+00,-3.516443646856360239e+00
-6.975579620651771506e+00,-6.838855233528192912e+00,-6.115687610888772774e+00,-6.676260844442807318e+00,-6.763633311723683761e+00,-5.769278278175800523e+00,-6.074717046503480766e+00,-6.568053783442522331e+00
-6.763415773232715367e+00,-6.968532681507551452e+00,-6.550055129139389365e+00,-6.280316084086720707e+00,-6.971461125489429200e+00,-6.497619182737743415e+00,-6.319713180935300656e+00,-7.754118769758608032e+00
-5.253859215083019230e+00,-5.137403009887423266e+00,-4.696939595145559920e+00,-4.275477473912681958e+00,-4.926066263363050979e+00,-4.495799049032336292e+00,-4.949674387405281983e+00,-5.469959700666595204e+00
-4.801378593636156822e+00,-4.015970266555966006e+00,-4.531901279053072606e+00,-4.246738141948744882e+00,-5.506180804626261249e+00,-4.651223256319108046e+00,-4.469154340399123626e+00,-4.949848328909502548e+00
-5.890650999699564849e+00,-5.422946847756446864e+00,-5.811695756225949694e+00,-4.558639084568190114e+00,-5.396796772881970128e+00,-5.707791489628706749e+00,-5.360483086072720837e+00,-5.415039920197998846e+00
-4.239404345389166551e+00,-3.814102141337488927e+00,-4.162059862361854101e+00,-3.351163105756600924e+00,-3.893969644513323836e+00,-4.000279801030585780e+00,-4.145405611540494917e+00,-4.090482243019949671e+00
2.232910623395695238e-01,-5.688282926045727939e-01,-5.415932074721652167e-01,-1.327337954187041980e-01,1.571862664481403771e-01,1.586374805415027844e-01,-5.161670513437126573e-01,-1.694114210523819941e-01
1.869765985716342893e+00,2.035249847996778882e+00,2.513559871785577826e+00,2.024673594190145920e+00,2.099312424941241595e+00,1.851802101412977297e+00,1.730493276351672716e+00,2.716874768379300420e+00
1.552091002315320489e+00,1.828762290985609829e+00,1.233080325699679181e+00,1.706755238312542611e+00,1.995760810742114533e+00,1.206275775875811362e+00,1.663887145745445828e+00,2.001982870179323637e+00
1.327872943807947070e+00,1.483284135480540833e+00,1.636522381728507725e+00,1.284323738433074569e+00,1.285289422664976255e+00,1.487907706408010844e+00,1.378523361912995515e+00,2.384002987051654365e+00
3.320275321163828064e+00,4.052086327982512337e+00,2.975641051942609749e+00,3.853273984075473724e+00,3.899393072370725299e+00,3.551367201984082733e+00,3.012526149756702853e+00,3.864917884608931153e+00
4.057338347902212483e+00,4.287500576802507624e+00,3.851242042668753918e+00,4.492896968209842967e+00,4.259806572561497973e+00,4.758446091724513494e+00,3.634551383013764791e+00,4.592544069222390668e+00
1.799419610988481466e+00,2.284461385127441346e+00,9.872317191957706850e-01,2.222548231612980096e+00,1.636333256050521934e+00,2.109854206708580815e+00,2.063521058213548809e+00,2.840670838326746050e+00
-6.012490343080316713e-01,-3.309511622472487424e-01,-1.347561159271066344e+00,-1.185657460839401878e-01,-8.119149533624352433e-01,-2.969537782966550910e-01,-9.070433661236745326e-01,4.679592062074525161e-02
-3.579004999534562415e-01,3.721917284700455159e-02,-1.017833099014297638e+00,3.949573558597090361e-01,-3.910243549906407545e-01,-9.016269091736603403e-02,-5.066048626667519761e-01,2.886895053825252466e-01
9.502492953608474013e-02,6.314934516662823460e-01,2.944630228014885054e-01,8.192559469864850730e-01,1.695572623255243716e-01,2.290671046917719944e-01,6.280834555034696676e-01,6.222200883703095098e-01
-1.207691482866919408e+00,-7.318887857637295102e-01,-1.447737032176608318e+00,-6.978916478292135350e-01,-9.286290090654729656e-01,-1.142866409722414378e+00,-1.550895305295271198e+00,-9.493839003197301896e-01
-3.789908047498208976e+00,-2.931633807961482319e+00,-3.100338854074917716e+00,-2.392526367756790506e+00,-3.738106720050529130e+00,-3.345184724366321305e+00,-3.291801029821093127e+00,-2.486422601123879694e+00
-2.870763598505475578e+00,-2.675280768384175722e+00,-2.661322279773614685e+00,-2.130207680277141691e+00,-3.342814856430130099e+00,-2.970677889417598472e+00,-2.811439288568571726e+00,-2.888316019189360428e+00
-3.440236990767386316e-01,-3.037021465382810925e-01,-8.487510257714181439e-02,-4.960269582883829464e-01,-1.899551227552316313e-01,-2.823692948475137743e-01,-5.177862798984449455e-01,1.595307362846060117e-02
-3.068245573983816588e-01,-5.201518706383732038e-01,-4.707495264474607644e-01,-5.220978998077442368e-01,-3.824362210500627524e-01,-5.285503620950633419e-01,-2.815892748610959173e-01,-5.539609732293615529e-02
-2.574556490599829495e+00,-2.855685288579801195e+00,-1.750670736460487653e+00,-2.674547571570564219e+00,-3.138281134560835461e+00,-2.775991167218262223e+00,-3.182016298545178756e+00,-2.417294451427141500e+00
-3.017741116464467854e+00,-3.717291104675751523e+00,-3.208726248403406256e+00,-3.343973853568012800e+00,-3.548651330552768712e+00,-4.278332147284666931e+00,-3.284753544013275128e+00,-3.675499725506405468e+00
-1.792821819500472369e+00,-2.061616348636590601e+00,-1.908735980283048361e+00,-2.522796645976826735e+00,-1.953070536804358159e+00,-1.535062488623938126e+00,-1.796287723729092178e+00,-2.509154768883255393e+00
-1.639092301522865114e+00,-2.436540965968978067e+00,-2.073138013666613766e+00,-2.592213976081414017e+00,-2.222402549003307026e+00,-2.425676310623600340e+00,-2.186849809800498257e+00,-2.509711152220499564e+00
-4.388679817672055172e+00,-4.907569229620701634e+00,-3.475443377284106461e+00,-4.801824872488838380e+00,-4.787481493968220647e+00,-3.939923471760640616e+00,-4.598426667716049465e+00,-5.414057210512650542e+00
-5.951598207761457537e+00,-6.117047842195717955e+00,-5.305371470045856519e+00,-6.133692466927280762e+00,-5.861720986759606511e+00,-6.285736473289527559e+00,-5.749433162118854135e+00,-6.760449525821822903e+00
-3.928490491516340999e+00,-3.799569721150758639e+00,-3.862959921261203800e+00,-4.202554524880783404e+00,-4.569141588784646935e+00,-4.237132774946218206e+00,-3.916739746720639292e+00,-4.511034632690217983e+00
-2.699895393684445200e+00,-2.506408894831405831e+00,-1.226452772568008998e+00,-1.654855931325929896e+00,-2.098456501478862091e+00,-2.455305240796790578e+00,-1.620565585732046232e+00,-2.319168531547501910e+00
-1.537877952831488315e+00,-1.744634434359815911e+00,-1.291367724476767176e+00,-1.842376136421047805e+00,-1.906289518569671326e+00,-1.585328689954030201e+00,-1.469330567289101053e+00,-2.649838673614225204e+00
-2.302842042297716496e+00,-2.168438212689208111e+00,-5.412319442024171590e-01,-1.461513690135753940e+00,-1.496150500178386133e+00,-1.697047399268668100e+00,-1.522057436125483276e+00,-1.650938272021817754e+00
1.677674792545507554e+00,1.783317915003567844e+00,1.722232284892337040e+00,1.310132779333525122e+00,1.916705755782644127e+00,1.568942167454214109e+00,2.424035517631843550e+00,1.742750070719564004e+00
6.516183823232063688e+00,6.298332496431544136e+00,6.206696528948308256e+00,5.524060555537637640e+00,6.289544318076186968e+00,5.520473377584288244e+00,6.613160810896371977e+00,6.316412312500388815e+00
7.888909847265128228e+00,7.287424262231073868e+00,7.432369144047013876e+00,7.045149882819885967e+00,7.694781172100160660e+00,7.417499117880124615e+00,7.646963926817377910e+00,7.477040848689600949e+00
6.897702901681920018e+00,6.688539074364062031e+00,6.411872887634913809e+00,6.462681942661873791e+00,6.925913391953634424e+00,6.842012636303604900e+00,6.630632610283507589e+00,7.202715136776857818e+00
8.028706906765151530e+00,7.514806692435913149e+00,8.267133592310649703e+00,7.066950167714257880e+00,8.533801732160801734e+00,8.181191873846685780e+00,8.056848909522916102e+00,8.097031142561709416e+00
1.057513252674307935e+01,9.714126394517805352e+00,9.758767799995142767e+00,9.347439003365975552e+00,9.977169993758273847e+00,9.434642097001670891e+00,1.011578338566392432e+01,1.023348897438322602e+01
9.330102496563741354e+00,9.076759357362590208e+00,9.363385690705449349e+00,9.433268505455943753e+00,9.564501882322336002e+00,9.150571663527248489e+00,9.089762196058449817e+00,8.918001442876064999e+00
6.867255146207345895e+00,5.785203235357395890e+00,6.578946973206264204e+00,5.689618406661756111e+00,6.296690976317954380e+00,5.575891244070398933e+00,6.115031892088603982e+00,6.029241429138125774e+00
4.165584920146683245e+00,4.043000802059465215e+00,3.765152356938923806e+00,3.662637300492638470e+00,4.483081480000357111e+00,3.987017152684711352e+00,3.834259905685301728e+00,4.058987744717673429e+00
4.641596291448449207e+00,4.644452984024105113e+00,4.140815953243055070e+00,4.342749864787997183e+00,4.090070944513048978e+00,4.403922150295765725e+00,4.832311668660115522e+00,4.376366022254744692e+00
4.503899527982007100e+00,3.906354466829242700e+00,3.856595460061505332e+00,4.037049880978461402e+00,4.467074510022175815e+00,4.264415800058593220e+00,4.208695058103379516e+00,4.103006962000712576e+00
1.243018572832440771e+00,1.078142207964499999e+00,1.364021405741494330e+00,1.199425715510131329e+00,1.134924972101291729e+00,1.622178167224828993e+00,8.264943892988001473e-01,1.362640828623706390e+00
-1.123451817417093768e+00,-1.160147890869241083e+00,-1.061830445892398611e+00,-7.957830082074560663e-01,-3.852256109161464326e-01,-4.545975716525841870e-01,-6.514097826633880040e-01,-7.204433667946963382e-01
-3.291823550838695461e-02,1.172175078265757370e-01,-1.892884791397425326e-01,-4.330340390811462936e-01,-1.434494773549415403e-01,-2.528436816653771846e-01,-1.695268421718326701e-02,-5.308316436649862524e-02
8.120654023529003673e-01,9.156718381817788854e-01,1.208973319371830168e+00,4.975874554787874660e-01,7.365615236291385148e-01,1.051457950289008902e+00,9.117735259643829915e-01,6.174014659625657320e-01
-1.613132933634263022e+00,-1.250528620898320176e+00,-9.542554026944456425e-01,-1.289576800838119652e+00,-7.638862643637851502e-01,-1.330297166431083866e+00,-1.437689068869075104e+00,-8.431711100274843496e-01
-4.095586829834412690e+00,-3.846968439569572684e+00,-4.434414688045498210e+00,-4.058977139726883898e+00,-4.283003028181172844e+00,-4.222459881578812357e+00,-4.399352283855410661e+00,-3.864921127921280952e+00
-4.741843066583705024e+00,-4.558578344712363339e+00,-4.634779387881343027e+00,-4.564735364055061417e+00,-4.354147161176614489e+00,-4.772129190326207748e+00,-4.881377389101931641e+00,-4.755075163855554621e+00
-3.888853548943631555e+00,-4.012360205492474741e+00,-3.420754705339316804e+00,-3.923697460158576344e+00,-4.363936870533499324e+00,-4.255509597814045364e+00,-4.418521786917658289e+00,-4.128788837681095281e+00
-6.183995490230405068e+00,-5.929844990045064712e+00,-5.750436907983266899e+00,-5.676593328813718031e+00,-6.260649469045455717e+00,-5.439997649431643545e+00,-6.217425782186926320e+00,-6.588754669583141599e+00
-9.560150260779575859e+00,-9.179840207808831920e+00,-9.370155108520419773e+00,-8.506790112453664676e+00,-9.608984338862841312e+00,-8.992702622264776124e+00,-9.388754727766825070e+00,-9.293525405541927853e+00
-1.019582480934598223e+01,-9.864058782810513293e+00,-9.891009663907009752e+00,-9.328703808020305743e+00,-1.001573006819848644e+01,-9.587970529073579939e+00,-1.011467758592456079e+01,-9.999024224254021931e+00
-8.175400913807202130e+00,-7.018695748339485618e+00,-7.945064429036452935e+00,-7.164591354581376415e+00,-8.498922443046806663e+00,-7.716255764084356983e+00,-8.218268486022118680e+00,-8.126247950389471342e+00
-7.061387275816755071e+00,-6.772936844757970754e+00,-6.783257682473227135e+00,-6.446676295638797960e+00,-7.535656241619544282e+00,-5.894779957401721227e+00,-7.184300182649844047e+00,-6.409760763715286025e+00
-8.045564714685584207e+00,-7.340587018226690574e+00,-7.978604577687171684e+00,-6.697343867216558166e+00,-7.876031780417295458e+00,-6.792789452404509376e+00,-6.838821623057887322e+00,-7.653146151991667701e+00
-6.693129532736612930e+00,-5.695604701114346469e+00,-6.538589303044174628e+00,-5.549834127130655936e+00,-6.237770733830880765e+00,-6.148546277176692776e+00,-6.494343407689219916e+00,-5.651528550623025282e+00
-1.863310050147158670e+00,-1.642579642947257224e+00,-2.104695408256068490e+00,-1.417678701393023211e+00,-2.099893044874757919e+00,-1.972926730095877934e+00,-2.294347170884997400e+00,-9.504466307188538243e-01
1.084617133071689832e+00,1.179049400034511530e+00,1.101119811466295006e+00,1.734470210372001109e+00,1.627404348818248581e+00,1.302396990013864997e+00,2.215621976951063665e+00,2.176955223726665611e+00
1.227691045968518857e+00,2.312394978646123977e+00,1.669233134803692620e+00,1.968318076388549054e+00,2.292354437028989445e+00,1.737727776222198317e+00,1.764018715948210358e+00,2.325504591024989853e+00
1.953860893743545102e+00,2.076043659819798215e+00,1.232307362422178976e+00,1.815743901355599599e+00,1.815058534907750376e+00,1.584082628254473102e+00,1.381277168171076042e+00,2.173752673987754402e+00
4.168253810405478710e+00,3.975266397476723945e+00,3.869862304127930308e+00,4.082889088801799460e+00,4.129743208739526494e+00,4.125057384387191384e+00,4.272991031280179541e+00,4.295836267167021383e+00
5.385674135913066429e+00,6.505090085468240524e+00,5.878680827644401141e+00,6.163323612559256759e+00,5.759395385659457745e+00,6.286590468705848700e+00,5.601956306053913259e+00,6.348475817708417956e+00
4.544332079398906821e+00,5.003262714752394480e+00,4.320796342896948694e+00,4.339985495067886667e+00,5.441060320051629873e+00,4.161378865841703245e+00,4.829911022190270131e+00,4.819445087289698115e+00
2.219859106729505260e+00,1.986428095240674763e+00,1.751855680688710670e+00,1.940946260132204948e+00,2.439563581227368605e+00,1.818950688250233760e+00,2.067648006802585314e+00,2.230830347633937283e+00
2.052367767710311153e+00,2.833734409869733906e+00,1.650032349253768071e+00,2.170246110080022994e+00,2.402863350880050319e+00,2.006757979620148458e+00,1.973806101380193745e+00,2.166303581224112484e+00
3.473253749463044215e+00,3.785792815146797441e+00,2.812652041697485394e+00,3.577101644028913174e+00,3.145688922002070509e+00,3.369478524631408067e+00,3.938442419273052941e+00,3.438483342537345333e+00
2.216758681011264276e+00,2.826042270316504457e+00,2.446137971924231103e+00,2.485929896573167763e+00,2.823141087084786616e+00,3.399379748569635318e+00,2.953101159944379717e+00,2.820884890000723288e+00
6.659271954228170864e-01,1.068734024776578861e+00,8.309486171204898408e-01,5.012250653818993706e-01,8.063506551948584899e-01,9.160781555990828995e-01,9.452341056224262683e-01,8.020864372936242770e-02
5.353246107002488374e-01,4.970196422359040023e-01,5.373869524360717076e-01,3.715333739042275818e-01,5.258440458375592819e-01,8.043039629437040983e-01,7.621850464423951532e-01,1.548120002854039001e-01
2.699563528162910231e+00,2.446539518635090005e+00,2.586599816029481858e+00,1.755888770392955323e+00,3.027397280792802903e+00,2.491724454655598553e+00,2.626897687564494266e+00,2.383526765143789916e+00
3.705815377568713487e+00,2.662704745621746749e+00,3.367780835803459105e+00,2.779264057976192692e+00,3.889184791242429107e+00,2.934121815448838433e+00,3.461666141744958125e+00,2.835992709359429487e+00
1.828337901880066507e+00,8.251758294347689704e-01,1.574586954662467120e+00,6.167841867134566947e-01,7.573322204462249463e-01,4.183551644521292245e-01,1.520982580044761168e+00,1.261779421800031553e+00
5.361721114166972946e-01,-6.806595830257887725e-01,6.928392733213595278e-02,-8.160572241772174884e-01,-7.234731985838847024e-01,-3.404496508572925073e-01,-2.157499703275418401e-01,-7.123240108296539086e-01
1.246561060686118383e+00,1.648106693437154796e-02,1.226584485169901706e+00,5.466658915240705241e-01,1.293568769207433244e-01,4.532616434359822977e-01,1.146213970667387283e+00,-4.960297289995931891e-01
9.179210404833112458e-01,-8.186023590552649054e-02,1.370292509935594261e+00,-4.008764313731033591e-02,9.565325459182556500e-01,8.759507912596802282e-01,9.981560004051557300e-01,1.544144609506330479e-01
-1.559106342287950975e+00,-2.331392269636503478e+00,-1.116945986567278393e+00,-2.392997329716140431e+00,-1.819047210667820380e+00,-2.066977977203017236e+00,-1.750376857652478302e+00,-2.450390974231752672e+00
-3.825486482235993968e+00,-4.669249188301344944e+00,-3.346387908528648314e+00,-5.168075551152458758e+00,-4.531813746529457454e+00,-4.308125384928565893e+00,-4.064564274361039509e+00,-5.035782383466610668e+00
-3.261207949987465327e+00,-4.179709770547918701e+00,-2.735570133873732601e+00,-3.647662491968510334e+00,-3.674510903489637048e+00,-3.350646763201105660e+00,-3.285209676986124094e+00,-4.562391583424606267e+00
-1.358324486411889298e+00,-2.232186514751838491e+00,-1.453224455464058540e+00,-1.654422558798716247e+00,-1.971625720996205811e+00,-1.173699160445276446e+00,-1.766539041705438295e+00,-1.693970183293148857e+00
-1.180827367594962318e+00,-1.594625488359795451e+00,-1.531059890645600552e+00,-1.718839375366776778e+00,-1.424583613187901943e+00,-1.908500054323440942e+00,-1.439552799827147123e+00,-2.463444756247529011e+00
-1.938466718450096105e+00,-3.012005282603223311e+00,-1.846392093838934212e+00,-1.787778622487001590e+00,-2.229099384974908116e+00,-1.787204798710812170e+00,-1.854707540085881901e+00,-2.300492331550296310e+00
1.225753208091095448e-01,9.753196178982243003e-02,2.232109404827680721e-01,2.986607227042473722e-01,1.404038408245215364e-01,1.655716108199676295e-01,1.834173493668530552e-01,-2.021599082105655920e-02
4.065215073053164652e+00,3.744288526709614207e+00,3.783048519515280095e+00,3.803456358777588697e+00,4.322786364471073561e+00,3.612524467368769088e+00,4.220497336003628419e+00,4.116001432341303889e+00
5.909389347260888492e+00,5.832344299971515156e+00,5.443910665299726226e+00,5.119104668430791705e+00,5.688958199716283914e+00,4.766831417238770463e+00,5.627295702713232650e+00,6.147450570840993223e+00
4.838044339334682142e+00,4.468218734287166427e+00,4.484947007291901322e+00,4.636591419342190434e+00,4.869799528182206849e+00,4.449220402894685122e+00,4.963984196857357922e+00,5.085203787159807476e+00
5.095820631246131605e+00,5.073883452554877493e+00,4.531122452026722591e+00,4.538115636629415306e+00,5.176661648985795061e+00,5.123467170618848598e+00,5.108074192452646933e+00,5.054994039913291992e+00
6.869067581304451942e+00,6.576727662554801235e+00,6.280109483325905018e+00,6.110796425499376738e+00,7.159031992287912871e+00,6.971110038692213351e+00,6.681602316655617990e+00,7.358143930816191336e+00
6.298887653390448982e+00,6.647331419153943877e+00,6.459999716306288775e+00,5.785394662494052653e+00,7.221350661366805923e+00,6.472699008951474653e+00,6.032788568155647013e+00,6.686429953699500217e+00
3.411320426656874183e+00,3.787764363864897899e+00,2.947530961955829643e+00,3.173990521434198797e+00,3.724983493543176927e+00,3.905140997077818810e+00,3.829016818828669066e+00,3.779240085823595052e+00
6.345236568992063120e-01,9.248351766852122013e-01,9.916884319611013465e-01,1.097039682912004599e+00,1.155030129883570122e+00,8.094485041870743691e-01,6.537638270540669927e-01,7.354496826467771253e-01
1.721612013808381247e-01,1.500528684310017624e+00,3.636820099063950984e-01,1.761951554284596266e+00,8.791909395830440621e-01,1.261664150587926025e+00,7.400613531292247194e-01,8.688637653990360921e-01
9.665301823553786864e-01,9.497997399506841187e-01,2.685844699656526613e-01,1.207565531100408318e+00,6.946057487413361820e-01,9.038811237776163132e-01,6.673156478664624691e-01,1.198324395351431537e+00
-1.984117490520879601e+00,-1.043014152036421338e+00,-1.951278902336885057e+00,-1.368326638278661189e+00,-1.313649891257256064e+00,-1.478152811331405747e+00,-1.764666352458846177e+00,-1.080214548313715994e+00
-4.612228245450735287e+00,-3.207574178425420808e+00,-4.093042253538609287e+00,-3.808681827110084850e+00,-3.810537215099849107e+00,-3.865215582058908694e+00,-3.487953687347967957e+00,-4.005508895339700892e+00
-3.799268514835409505e+00,-2.768971358683026907e+00,-3.342997176734587406e+00,-2.741060329740821366e+00,-3.743046802788832839e+00,-3.747928898439300660e+00,-2.976534844829446858e+00,-2.752645493656770359e+00
-2.274810877894792860e+00,-1.003457904845498350e+00,-1.266948861234584722e+00,-2.021137360131293192e+00,-1.986864726524746105e+00,-1.337408528380191530e+00,-1.817792096233801002e+00,-1.680209760715644318e+00
-3.002007074041981305e+00,-2.974633242949846768e+00,-3.128672799573798624e+00,-2.463408307394451491e+00,-3.047825317063059813e+00,-3.059783238339208289e+00,-3.097677630885864009e+00,-2.160244881015167984e+00
-5.618488353536354118e+00,-5.763211742563910889e+00,-5.076694486677616247e+00,-4.947357465698648760e+00,-5.767841395006430005e+00,-5.680369091786612756e+00,-5.439696257235718591e+00,-5.237294311680175340e+00
-6.144280168085011873e+00,-6.194083973596262283e+00,-5.727146913871272282e+00,-5.557865807643215916e+00,-5.731945038383519098e+00,-6.301250680694725936e+00,-6.120437651411217317e+00,-6.049603726337474008e+00
-4.825458555497656121e+00,-4.658477529589577948e+00,-5.187834747212450637e+00,-4.658204038947192593e+00,-5.034353423747531586e+00,-4.925014160844463085e+00,-5.146962316860019371e+00,-4.732923190063946350e+00
-5.809902473414783941e+00,-5.564518184753624475e+00,-5.358835661393197114e+00,-5.223765618022267354e+00,-5.679541360305069730e+00,-5.146769768598231209e+00,-5.844225403136380059e+00,-6.002733961662539031e+00
-8.602603865351921897e+00,-8.409374857307103213e+00,-7.985705789845281899e+00,-8.023613613170468284e+00,-8.792506330321852914e+00,-7.733872031281642023e+00,-8.807408794200624058e+00,-8.196740763371893834e+00
-9.408542958286336244e+00,-9.559084169950365251e+00,-9.467393998954740653e+00,-9.069254615979735590e+00,-9.661998336567235057e+00,-9.613826398563377396e+00,-9.380714744107804037e+00,-9.463885773787728439e+00
-7.146853893819559822e+00,-6.769670647483371440e+00,-7.044173430560753957e+00,-6.069580643919184837e+00,-7.739824300947133473e+00,-6.987212299349500277e+00,-7.159606826802228596e+00,-7.348325885013007763e+00
-6.046638048787437825e+00,-5.470933356815026904e+00,-5.692893350452519208e+00,-4.882660713834004795e+00,-5.506038313930512906e+00,-5.301684857663678585e+00,-5.113023679899354690e+00,-5.231689270466597819e+00
-5.462721947664713085e+00,-4.764086379351248013e+00,-5.560810389187482272e+00,-4.637329640848779633e+00,-5.412268398070825270e+00,-4.728175986697858768e+00,-5.438072431024905562e+00,-5.660230959724447786e+00
-4.837689034880660266e+00,-3.194138836293948902e+00,-3.780669720334553396e+00,-4.648276344876258293e+00,-4.624747764965714936e+00,-3.917847579834464966e+00,-3.913129926110058054e+00,-4.575829634150355929e+00
